,Albania,Algeria,Angola,Argentina,Armenia,Australia,Austria,Azerbaijan,Bahrain,Bangladesh,Belarus,Belgium,Benin,Bosnia and Herzegovina,Botswana,Brazil,Brunei Darussalam,Bulgaria,Burkina Faso,Burundi,C?te d'Ivoire,Cambodia,Cameroon,Canada,Chile,China,Colombia,Costa Rica,Croatia,Cyprus,Czech Republic,Denmark,Dominican Republic,Ecuador,Egypt,El Salvador,Estonia,Ethiopia,Finland,France,Georgia,Germany,Ghana,Greece,Guatemala,Guinea,Honduras,Hong Kong,Hungary,Iceland,India,Indonesia,Iran (Islamic Republic of),Iraq,Ireland,Israel,Italy,Jamaica,Japan,Jordan,Kazakhstan,Kenya,Kuwait,Kyrgyzstan,Lao People's Democratic Republic,Latvia,Lithuania,Luxembourg,Madagascar,Malaysia,Mali,Malta,Mauritania,Mauritius,Mexico,Mongolia,Montenegro,Morocco,Mozambique,Myanmar,Namibia,Nepal,Netherlands,New Zealand,Nicaragua,Niger,Nigeria,North Macedonia,Norway,Oman,Pakistan,Panama,Paraguay,Peru,Philippines,Poland,Portugal,Qatar,Republic of Korea,Republic of Moldova,Romania,Russian Federation,Rwanda,Saudi Arabia,Senegal,Serbia,Singapore,Slovakia,Slovenia,South Africa,Spain,Sri Lanka,Sweden,Switzerland,Tajikistan,Thailand,Togo,Trinidad and Tobago,TÅrkiye,Tunisia,Uganda,Ukraine,United Arab Emirates,United Kingdom,United Republic of Tanzania,United States of America,Uruguay,Uzbekistan,Viet Nam,Yemen,Zambia,Zimbabwe
 Global Innovation Index,24.4,16.7,13.9,28.6,26.6,47.1,50.2,21.4,27.9,19.7,27.5,46.9,14.6,28.5,23.9,32.5,22.1,39.5,15.3,12.3,17.8,20.5,15.1,50.8,34.0,55.3,29.2,28.7,35.6,46.2,42.8,55.9,22.7,20.3,22.7,19.9,50.2,16.3,56.9,55.0,27.9,57.2,20.8,34.5,17.8,11.6,17.3,51.8,39.8,49.5,36.6,27.9,32.9,11.9,48.5,50.2,46.1,27.7,53.6,27.4,24.7,22.8,29.2,21.1,17.4,36.5,37.4,49.8,18.6,38.7,14.2,49.1,12.4,34.4,31.0,28.0,30.3,28.8,15.0,16.4,20.6,17.6,58.0,47.2,18.1,14.6,16.9,28.8,48.8,26.8,23.0,25.7,22.6,29.1,30.7,37.5,42.1,32.9,57.8,31.1,34.1,34.3,18.7,33.4,19.9,32.3,57.3,34.3,40.6,29.8,44.6,24.2,61.6,64.6,18.8,34.9,15.1,19.8,38.1,27.9,15.7,31.0,42.1,59.7,19.4,61.8,29.2,25.3,34.3,13.8,15.8,18.1
 Innovation Input Sub-index,35.3,26.7,21.1,35.6,34.3,59.3,59.6,35.3,41.6,26.5,33.7,55.3,27.6,38.7,36.5,40.4,41.2,42.2,25.2,22.2,27.1,31.4,23.0,62.5,43.7,57.5,39.2,38.2,42.7,51.3,48.4,62.8,32.7,29.7,29.2,28.6,60.7,22.6,64.5,60.9,39.6,60.9,27.8,43.0,24.5,20.0,27.5,65.3,46.9,55.9,44.1,36.9,36.5,20.6,55.8,57.3,48.9,33.0,61.4,37.2,38.4,28.1,38.2,33.7,28.8,44.8,48.1,57.5,22.9,48.0,21.9,52.9,23.7,44.4,37.5,34.7,41.6,33.2,23.4,23.4,33.8,27.6,62.4,57.1,28.8,24.0,25.3,39.9,60.8,39.5,26.5,34.1,30.8,41.5,35.7,44.3,48.5,45.8,60.6,35.3,40.5,42.6,31.6,46.5,30.9,40.9,70.6,41.1,50.2,37.5,51.8,28.6,66.3,67.5,27.8,42.2,24.7,30.1,41.8,33.0,24.7,35.7,59.4,63.6,28.7,69.0,40.5,37.8,40.1,19.2,24.5,23.9
 Innovation Output Sub-index,13.6,6.7,6.8,21.6,18.9,35.0,40.7,7.6,14.3,12.9,21.4,38.5,1.7,18.4,11.2,24.7,3.1,36.9,5.4,2.5,8.5,9.6,7.2,39.0,24.3,53.1,19.2,19.1,28.5,41.1,37.3,49.1,12.7,10.9,16.2,11.1,39.7,10.0,49.3,49.0,16.2,53.5,13.8,26.1,11.1,3.2,7.0,38.2,32.8,43.0,29.1,18.8,29.2,3.2,41.3,43.2,43.3,22.5,45.8,17.5,11.0,17.4,20.2,8.4,6.1,28.3,26.6,42.1,14.3,29.4,6.6,45.4,1.1,24.5,24.5,21.3,19.1,24.4,6.7,9.3,7.3,7.6,53.7,37.2,7.4,5.3,8.4,17.7,36.9,14.1,19.5,17.3,14.5,16.6,25.7,30.8,35.7,20.1,54.9,26.9,27.7,26.0,5.8,20.3,8.9,23.7,43.9,27.5,30.9,22.1,37.4,19.9,56.8,61.7,9.7,27.6,5.4,9.5,34.5,22.8,6.6,26.4,24.8,55.8,10.1,54.6,17.9,12.8,28.4,8.3,7.1,12.3
Institutions,51.4,47.2,41.9,47.6,59.7,77.2,82.8,62.9,72.0,44.1,32.2,71.5,57.3,48.1,65.0,46.7,74.5,55.9,46.3,45.3,54.6,50.4,46.5,80.4,66.5,64.8,54.6,64.3,52.6,67.5,64.5,82.8,52.0,39.4,43.9,45.3,82.2,44.0,82.5,77.0,70.7,76.5,46.9,55.2,39.1,47.8,37.7,82.5,62.0,80.4,60.1,55.1,31.1,36.7,79.2,65.0,59.0,59.5,75.8,63.5,60.5,51.8,51.0,43.2,46.7,68.7,72.0,84.6,40.8,68.8,43.1,71.8,51.6,74.7,48.2,54.1,58.3,51.1,32.3,38.0,61.7,41.3,86.9,83.3,37.9,52.0,43.5,50.4,87.1,59.0,41.2,55.2,42.7,58.0,48.7,56.3,62.5,74.1,70.5,47.3,54.1,48.7,68.8,60.6,58.1,60.4,95.9,55.5,67.4,51.9,66.8,40.8,76.5,89.2,48.6,52.5,45.0,56.2,46.8,48.4,57.5,47.4,83.5,74.5,54.2,80.9,69.4,57.3,60.6,17.5,37.5,33.3
Political environment,57.9,47.4,43.0,54.3,54.4,84.1,84.5,58.5,64.0,45.5,47.0,77.0,52.9,46.2,67.6,52.8,87.6,58.6,43.1,35.8,53.3,55.8,42.6,84.4,71.9,67.3,56.2,63.3,69.6,73.5,76.1,90.7,56.7,48.3,49.0,53.7,82.0,43.5,88.6,76.5,67.0,80.4,55.9,66.0,45.6,44.3,47.5,83.7,72.0,86.7,59.9,61.5,36.9,23.3,81.7,72.1,63.7,66.6,86.6,58.8,61.1,49.2,54.1,42.7,53.0,75.3,79.0,90.1,44.1,77.9,33.3,76.0,46.5,78.7,50.5,57.5,60.1,56.3,44.3,35.9,60.8,43.8,86.6,90.2,45.3,45.5,36.5,63.6,90.3,62.7,47.1,61.1,51.6,53.2,56.4,67.1,77.7,72.8,81.9,52.7,57.9,57.0,66.7,52.8,61.3,59.8,100.0,72.5,77.4,59.0,71.8,57.7,86.1,89.3,45.4,62.6,49.2,62.2,55.3,52.7,48.6,46.5,75.5,77.0,44.7,78.2,76.0,52.1,65.2,0.0,45.7,34.1
Political and operational stability,69.1,56.4,61.8,63.6,61.8,83.6,83.6,70.9,69.1,58.2,60.0,80.0,61.8,63.6,80.0,65.5,94.5,69.1,50.9,49.1,67.3,70.9,54.5,83.6,72.7,70.9,61.8,69.1,80.0,78.2,81.8,90.9,70.9,56.4,60.0,65.5,85.5,49.1,85.5,76.4,67.3,81.8,65.5,72.7,56.4,58.2,58.2,81.8,81.8,90.9,61.8,65.5,45.5,25.4,81.8,70.9,69.1,74.5,89.1,65.5,69.1,56.4,61.8,47.3,72.7,81.8,85.5,90.9,60.0,83.6,41.8,80.0,60.0,89.1,54.5,72.7,70.9,63.6,54.5,43.6,70.9,58.2,83.6,96.4,56.4,54.5,45.5,74.5,89.1,72.7,56.4,70.9,63.6,61.8,61.8,76.4,83.6,76.4,83.6,65.5,70.9,63.6,76.4,52.7,72.7,69.1,100.0,83.6,80.0,61.8,74.5,67.3,85.5,85.5,56.4,69.1,63.6,70.9,61.8,60.0,60.0,50.9,72.7,74.5,56.4,78.2,85.5,65.5,76.4,0.0,58.2,45.5
Government effectiveness,46.8,38.4,24.3,45.0,47.0,84.6,85.3,46.0,58.9,32.7,34.0,73.9,44.0,28.7,55.2,40.1,80.7,48.1,35.3,22.6,39.4,40.7,30.7,85.1,71.0,63.7,50.6,57.5,59.1,68.7,70.3,90.4,42.6,40.3,38.0,42.0,78.6,37.8,91.7,76.6,66.7,79.0,46.4,59.3,34.9,30.4,36.9,85.5,62.2,82.5,58.0,57.6,28.4,21.1,81.6,73.3,58.3,58.6,84.1,52.2,53.0,42.1,46.3,38.1,33.2,68.7,72.5,89.4,28.1,72.1,24.8,72.1,33.1,68.4,46.4,42.3,49.4,49.0,34.1,28.2,50.8,29.4,89.6,83.9,34.3,36.4,27.5,52.7,91.4,52.8,37.9,51.2,39.7,44.6,51.0,57.8,71.8,69.3,80.2,39.9,45.0,50.4,57.1,52.9,49.9,50.4,100.0,61.4,74.8,56.1,69.0,48.2,86.7,93.2,34.4,56.2,34.8,53.6,48.8,45.3,37.3,42.0,78.3,79.3,33.1,78.1,66.5,38.8,54.0,0.0,33.2,22.8
Regulatory environment,59.2,50.4,51.1,44.1,68.8,90.8,93.2,60.7,74.3,40.6,48.7,78.5,62.1,68.1,66.0,63.2,84.5,74.8,65.0,50.0,62.1,51.5,48.5,91.5,67.0,52.7,63.0,68.7,70.3,82.8,75.3,85.3,53.0,40.1,37.6,53.0,86.4,53.2,95.7,83.9,80.9,79.3,31.1,70.5,46.1,57.3,41.3,94.2,73.7,88.5,64.1,21.8,43.1,50.1,85.4,67.7,77.5,65.8,91.1,75.5,70.4,58.7,56.8,55.0,36.3,81.4,81.0,82.4,55.8,66.1,57.4,86.3,61.5,84.9,55.0,69.8,72.4,58.9,32.6,46.2,72.4,46.2,87.3,96.7,53.9,58.6,61.5,69.1,95.6,59.3,44.8,63.4,47.6,70.4,50.1,71.1,76.7,69.5,67.7,54.8,77.5,55.9,65.2,60.4,62.9,72.3,98.7,71.4,82.8,72.0,74.1,21.3,88.6,92.4,45.0,47.0,59.0,58.7,48.8,57.9,67.3,61.6,85.5,90.4,63.4,89.4,68.1,50.7,54.6,30.8,22.7,38.5
Regulatory quality,50.9,12.7,22.3,30.8,51.2,90.3,79.9,37.1,60.6,22.4,28.7,78.7,35.6,39.1,55.3,40.9,67.8,57.9,34.5,19.5,38.0,29.6,24.5,84.8,71.2,42.9,52.9,56.2,55.8,70.0,75.9,89.7,44.6,22.8,27.7,44.5,83.3,21.0,91.2,74.8,72.6,84.5,44.9,58.7,40.6,24.1,32.6,89.6,57.0,81.1,41.5,46.9,8.5,10.6,81.7,75.9,57.5,47.2,78.7,50.6,48.4,33.9,52.1,34.8,24.9,74.6,72.1,90.9,26.4,64.2,29.8,75.4,24.8,73.0,46.9,42.6,54.9,42.0,27.7,29.1,42.2,27.6,88.7,91.8,28.5,26.4,20.9,57.6,87.3,56.4,27.0,52.9,39.9,58.1,45.7,67.1,65.7,66.2,70.7,46.0,54.5,34.0,48.8,51.5,39.8,47.9,100.0,64.5,68.0,50.0,64.1,40.5,86.9,84.6,19.5,49.5,30.2,41.5,44.7,35.8,34.2,37.5,72.0,81.9,28.5,76.0,59.5,21.4,41.2,0.0,29.5,9.4
Rule of law,36.8,25.8,21.1,33.9,43.9,88.9,93.0,28.2,58.8,31.2,20.3,81.6,27.2,38.1,57.5,41.5,70.2,43.8,35.2,11.9,30.5,21.6,16.3,89.0,73.8,44.5,33.3,60.9,53.7,61.1,73.6,94.3,39.2,31.9,36.8,26.3,81.9,35.8,100.0,80.5,53.5,86.5,45.1,54.4,18.8,13.3,21.2,87.3,59.4,92.7,45.6,37.3,23.6,0.6,85.0,72.0,52.3,39.9,85.6,51.6,35.8,31.6,54.7,22.1,24.0,70.9,71.9,92.6,23.2,63.2,22.1,69.8,30.9,70.0,28.7,39.2,47.6,43.8,19.6,15.5,53.8,33.3,91.7,94.9,14.5,31.9,25.0,44.4,97.5,62.2,28.1,40.7,35.3,37.2,31.8,60.1,76.8,72.0,76.8,35.4,55.6,26.4,48.9,52.3,38.9,41.3,94.8,63.7,73.7,43.1,69.5,44.9,92.9,93.5,14.5,49.2,28.9,42.8,36.8,49.6,37.5,28.7,69.9,84.9,30.4,81.6,63.7,18.5,42.6,0.0,29.9,13.0
Cost of redudancy dismissal,74.6,81.5,80.5,55.8,90.1,92.1,100.0,88.7,88.9,54.5,72.9,76.9,92.8,97.6,75.7,85.3,100.0,98.8,95.1,84.4,90.0,77.5,76.5,96.0,61.6,61.6,82.8,78.8,85.9,100.0,75.8,78.7,64.0,52.9,42.9,70.6,90.3,77.9,95.8,90.1,98.8,73.2,17.3,84.4,62.5,95.9,55.8,100.0,89.3,90.1,84.6,1.4,70.1,94.7,87.5,61.5,100.0,88.1,100.0,100.0,98.7,84.6,60.2,81.5,48.2,90.1,90.1,72.9,86.8,68.5,88.8,100.0,95.1,98.2,72.3,98.7,93.6,74.9,41.6,70.1,96.7,62.0,84.4,100.0,86.3,88.1,100.0,87.2,98.7,0.0,62.0,79.9,57.6,93.2,61.5,78.7,82.2,69.9,61.6,68.9,100.0,81.5,81.6,68.8,86.5,100.0,100.0,78.7,94.7,97.4,81.4,0.0,87.2,95.8,72.9,44.5,88.4,75.2,56.9,73.1,98.7,90.1,100.0,97.4,97.4,100.0,74.7,81.5,67.2,61.6,15.7,65.8
Business environment,37.1,43.9,31.7,44.3,55.9,56.6,70.8,69.6,77.5,46.4,0.8,59.0,56.7,29.9,61.4,24.1,51.5,34.3,30.8,50.0,48.3,43.8,48.3,65.4,60.6,74.6,44.6,60.9,17.9,46.3,42.1,72.4,46.1,29.9,45.0,29.0,78.0,35.3,63.1,70.7,64.3,69.6,53.5,29.1,25.8,41.7,24.2,69.7,40.3,66.0,56.3,82.1,13.3,0.0,70.6,55.1,35.7,46.0,49.8,56.1,50.1,47.6,42.2,32.0,50.8,49.3,56.0,81.4,22.5,62.4,38.7,53.1,47.0,60.4,39.1,34.9,42.4,38.1,20.1,32.0,52.0,34.0,86.8,63.2,14.5,0.0,32.5,18.3,75.6,55.1,31.7,41.1,28.8,50.4,39.4,30.6,33.0,80.1,61.9,34.4,26.8,33.3,74.6,68.8,50.1,49.0,89.0,22.5,42.0,24.8,54.4,43.3,55.0,85.8,55.6,48.0,26.7,47.6,36.4,34.6,56.6,34.1,89.4,56.0,54.4,75.3,64.2,69.2,62.0,21.6,44.2,27.2
Policies for doing business,37.1,43.9,39.3,12.4,53.3,67.1,83.4,69.6,77.5,46.4,0.0,59.0,56.7,21.8,61.4,35.4,51.5,41.5,47.3,50.0,48.3,43.8,48.3,66.5,63.4,71.9,46.1,60.9,32.1,59.9,42.1,72.4,53.2,32.8,60.4,29.0,57.9,35.3,71.5,62.0,64.3,72.2,53.5,41.1,36.5,41.7,24.2,69.7,43.0,66.0,40.6,65.2,22.0,0.0,74.7,58.4,46.3,54.9,65.1,56.6,41.0,47.6,51.7,32.0,50.8,51.5,48.5,89.7,29.2,62.2,38.7,53.1,47.0,60.4,27.6,34.9,42.4,59.6,40.2,32.0,52.0,34.0,76.3,63.2,14.5,0.0,32.5,32.6,70.7,70.3,54.8,47.6,46.2,46.5,39.4,27.1,49.5,74.5,54.0,34.4,32.2,42.1,74.6,72.0,50.1,49.0,89.0,36.4,46.0,32.6,48.3,43.3,63.7,91.5,55.6,44.0,0.0,47.6,38.4,34.6,56.6,34.1,78.8,59.3,54.4,78.6,81.9,69.2,63.3,21.6,44.2,27.2
"Entrepreneurship policies and culture
",0.0,0.0,24.2,76.2,58.6,46.1,58.1,0.0,0.0,0.0,0.8,0.0,0.0,38.1,0.0,12.8,0.0,27.1,14.3,0.0,0.0,0.0,0.0,64.3,57.9,77.3,43.1,0.0,3.6,32.8,0.0,0.0,39.1,27.0,29.6,0.0,98.0,0.0,54.7,79.5,0.0,67.1,0.0,17.1,15.1,0.0,0.0,0.0,37.5,0.0,72.1,98.9,4.6,0.0,66.5,51.8,25.0,37.3,34.6,55.6,59.2,0.0,32.7,0.0,0.0,47.1,63.6,73.1,15.7,62.6,0.0,0.0,0.0,0.0,50.6,0.0,0.0,16.7,0.0,0.0,0.0,0.0,97.3,0.0,0.0,0.0,0.0,4.0,80.5,39.9,8.6,34.6,11.4,54.4,0.0,34.1,16.5,85.7,69.8,0.0,21.4,24.6,0.0,65.5,0.0,0.0,0.0,8.6,38.0,17.1,60.5,0.0,46.2,80.0,0.0,52.0,26.7,0.0,34.3,0.0,0.0,0.0,100.0,52.7,0.0,72.0,46.5,0.0,60.7,0.0,0.0,0.0
Human capital and research,22.7,26.1,10.9,30.5,22.0,61.7,58.8,23.8,28.1,10.8,42.5,56.1,15.6,30.7,35.6,36.2,35.2,30.5,18.1,20.7,11.8,20.0,15.2,57.7,34.0,53.1,27.4,28.3,36.9,39.3,43.3,59.4,17.5,20.2,20.3,17.6,42.7,8.8,60.6,57.3,30.0,64.1,18.5,45.4,12.9,6.0,20.6,57.4,41.3,46.4,38.3,22.4,35.0,21.2,48.9,48.1,46.9,26.0,52.7,28.3,32.7,14.0,34.9,31.5,16.4,36.6,37.5,44.8,18.0,41.0,10.7,38.6,16.1,30.7,33.6,31.2,32.2,26.0,15.8,18.4,29.2,11.5,57.4,54.9,16.9,9.5,17.4,28.4,53.6,38.9,16.0,20.8,19.2,36.8,25.0,42.5,49.4,34.5,66.4,31.8,29.0,47.0,17.6,45.6,18.3,35.5,61.5,33.1,47.7,26.9,47.7,13.4,62.6,62.4,25.2,29.8,14.9,23.1,38.9,37.4,10.4,36.6,55.8,61.5,10.9,59.9,29.1,30.8,27.2,11.3,14.8,21.6
Education,42.1,40.9,26.6,42.5,43.4,60.5,63.0,41.5,48.5,18.8,64.1,70.6,31.0,61.4,87.6,51.4,52.9,48.5,38.4,45.7,29.9,32.8,38.3,62.0,52.6,69.3,42.2,58.2,61.7,65.4,60.0,68.9,35.5,38.5,38.0,32.1,63.3,21.2,68.4,61.0,53.4,62.2,44.5,59.9,34.1,15.8,48.9,64.3,57.7,70.4,41.1,35.0,44.1,40.7,48.6,57.8,59.8,62.0,56.5,37.5,48.2,38.3,60.8,59.7,31.0,59.3,55.7,53.9,29.9,47.8,29.8,62.4,18.4,60.9,43.0,61.0,57.7,53.1,45.4,24.1,73.7,31.3,63.8,65.5,39.7,20.5,46.5,56.6,72.4,66.2,31.3,35.4,37.8,45.3,33.5,61.1,63.7,46.0,65.1,57.1,45.8,54.8,43.0,61.9,39.1,56.9,59.0,52.8,61.6,50.0,58.1,33.2,72.1,61.7,54.1,39.2,36.1,45.2,52.5,65.0,16.1,61.9,54.8,59.7,29.8,58.6,42.9,57.5,55.1,26.1,44.4,39.9
"Expenditure on education, % GDP",21.3,57.4,13.1,40.9,16.6,45.7,46.9,16.3,9.9,0.0,43.6,60.8,20.2,0.0,89.2,57.3,37.3,33.1,50.4,44.7,25.5,10.1,22.1,47.3,49.4,27.0,43.4,64.8,31.1,52.8,35.4,65.8,39.6,33.8,13.9,24.8,47.4,45.0,59.5,49.1,30.4,43.9,30.8,27.3,23.7,10.5,61.5,37.0,39.6,75.0,37.9,18.2,27.3,40.7,24.9,57.6,35.2,56.5,21.1,20.0,18.4,41.8,62.8,48.6,10.9,35.1,30.9,27.9,21.3,31.2,29.3,40.0,6.7,39.5,35.2,43.5,0.0,65.3,59.4,9.8,100.0,36.9,48.5,56.8,39.7,30.2,0.0,0.0,76.0,49.2,14.2,31.0,23.8,35.1,30.7,39.6,40.3,22.9,37.7,60.9,24.3,40.3,30.0,78.0,50.2,27.6,14.2,31.8,43.4,58.5,34.3,7.3,76.0,42.5,52.8,19.8,32.0,33.4,35.7,72.1,16.1,49.5,30.7,46.2,23.7,43.1,40.6,43.3,32.9,0.0,28.6,30.6
"Government funding/pupil, secondary, % GDP/cap",10.3,0.0,0.0,26.0,23.4,28.9,46.9,20.1,27.9,5.0,68.9,41.8,6.0,62.2,0.0,36.6,41.7,36.9,23.7,58.0,18.8,0.0,27.0,29.5,31.0,0.0,36.5,41.5,0.0,72.5,45.9,35.6,17.8,3.3,14.9,18.6,35.0,26.1,39.8,45.8,0.0,41.8,30.9,37.1,0.0,6.8,34.2,42.6,34.8,37.8,27.0,11.9,27.1,0.0,14.5,33.2,48.4,52.7,41.5,24.3,36.1,0.0,27.3,0.0,16.5,38.5,25.2,35.3,4.4,33.8,45.6,51.9,7.1,57.0,15.4,0.0,0.0,70.5,79.0,13.6,0.0,8.9,40.0,29.3,0.0,14.6,0.0,0.0,46.3,73.3,24.4,8.9,22.1,25.6,0.0,35.2,50.2,0.0,58.4,44.2,27.9,0.0,36.6,0.0,34.6,61.5,34.6,34.6,41.4,42.5,30.4,3.4,43.3,39.3,0.0,28.9,22.7,30.0,18.0,100.0,0.0,54.7,48.3,37.3,22.0,39.3,23.1,0.0,0.0,14.8,0.0,38.5
"School life expectancy, years",54.9,54.1,21.5,78.3,45.8,100.0,65.5,48.4,67.5,41.2,59.8,90.1,29.8,0.0,0.0,62.8,51.5,51.1,18.7,29.8,29.1,0.0,38.9,68.2,70.5,0.0,54.9,69.2,59.4,63.1,67.0,84.0,53.4,56.1,49.1,41.9,65.0,13.7,86.3,64.2,62.5,72.4,38.5,93.0,28.4,17.8,22.3,74.2,59.5,87.1,37.3,49.2,56.0,0.0,85.6,65.8,67.0,0.0,0.0,28.9,63.9,0.0,56.6,46.3,25.5,66.9,67.4,54.6,25.7,47.4,7.2,71.2,20.3,59.0,57.7,58.5,59.2,52.9,24.4,29.1,0.0,44.2,83.0,94.7,0.0,0.0,15.5,48.5,80.4,55.8,15.4,44.4,0.0,58.6,45.9,65.7,71.4,42.5,69.0,54.8,53.4,63.9,32.9,66.4,17.5,54.6,69.1,55.3,76.8,49.4,78.6,52.6,88.8,68.9,34.0,61.6,43.1,0.0,81.5,59.5,0.0,57.7,63.6,74.4,19.2,67.4,71.2,41.4,0.0,18.4,0.0,33.8
"PISA scales in reading, maths and science",35.0,11.3,0.0,24.9,0.0,67.3,64.1,27.8,0.0,0.0,56.4,67.7,0.0,28.0,0.0,26.9,36.3,37.8,0.0,0.0,0.0,0.0,0.0,74.5,42.3,100.0,29.1,33.0,56.2,42.4,65.9,68.2,0.0,0.0,0.0,0.0,78.2,0.0,74.4,65.1,21.5,67.9,0.0,48.7,0.0,0.0,0.0,80.3,59.3,60.1,0.0,19.5,0.0,0.0,69.6,53.5,58.3,0.0,75.9,33.4,27.9,0.0,0.0,0.0,0.0,62.6,59.5,58.2,0.0,39.5,0.0,50.9,0.0,0.0,33.5,0.0,35.9,13.8,0.0,0.0,0.0,0.0,68.7,68.9,0.0,0.0,0.0,26.9,66.5,0.0,0.0,12.5,0.0,27.5,6.4,73.0,64.5,32.4,75.8,36.9,38.3,60.1,0.0,21.3,0.0,44.3,90.8,55.2,69.3,0.0,60.5,0.0,68.8,67.0,0.0,32.0,0.0,36.3,52.4,15.2,0.0,52.5,40.6,69.1,0.0,65.8,36.5,0.0,68.5,0.0,0.0,0.0
"Pupil-teacher ratio, secondary",89.2,0.0,45.1,0.0,88.0,0.0,91.7,95.1,88.8,29.1,91.9,92.5,68.1,94.0,86.0,73.2,97.5,83.9,60.7,50.2,46.1,55.4,65.2,90.5,69.7,80.8,47.0,82.6,100.0,96.0,85.8,90.8,66.8,61.0,74.3,43.0,90.7,0.0,82.2,80.9,99.3,85.2,77.9,93.6,84.1,28.1,77.6,87.5,95.0,91.8,62.3,76.0,65.9,0.0,0.0,78.8,89.9,76.7,87.7,81.1,94.5,34.8,96.4,84.1,71.3,93.3,95.7,93.6,68.2,87.0,37.2,97.9,39.8,88.2,73.2,81.1,78.1,63.2,19.0,43.9,47.4,35.3,78.8,77.6,0.0,37.2,77.5,94.4,92.8,86.5,71.2,80.4,67.5,79.8,50.8,92.2,92.2,85.9,84.8,88.8,85.2,0.0,72.3,81.9,54.3,96.3,86.4,87.2,77.0,49.7,86.6,69.3,83.7,90.8,75.4,53.6,46.5,81.1,75.1,78.3,0.0,94.9,91.0,71.6,54.3,77.5,0.0,87.7,64.0,45.2,60.2,56.6
Tertiary education,25.9,34.3,6.0,30.9,21.7,58.8,58.5,25.8,31.1,9.3,53.6,35.6,15.7,29.2,17.2,22.2,42.3,33.7,14.9,15.9,5.2,26.9,7.2,48.5,33.5,19.4,27.6,21.0,39.2,46.7,45.4,42.5,17.0,18.4,11.6,20.2,46.3,4.4,48.5,41.5,32.5,54.7,10.7,56.6,4.6,2.2,12.7,49.4,29.1,34.2,33.3,18.7,46.4,0.0,45.0,26.0,31.7,15.9,24.2,39.0,36.7,3.7,39.5,34.5,18.1,41.3,39.6,47.6,24.1,48.7,1.6,33.8,29.9,28.9,28.0,31.6,36.3,22.5,1.1,30.7,12.6,3.2,40.1,51.3,10.7,8.1,5.5,26.1,35.3,45.4,5.6,25.1,0.0,57.2,33.4,29.7,44.0,50.3,47.3,36.3,38.0,48.1,7.6,34.8,12.8,42.6,66.3,32.1,44.5,17.6,36.5,6.5,43.0,47.2,21.1,32.3,7.8,0.0,33.8,41.8,14.6,38.3,71.5,49.7,1.3,34.9,34.2,33.9,20.8,7.7,0.0,24.9
"Tertiary enrolment, % gross",37.2,33.5,3.6,63.2,32.3,76.2,57.0,21.6,38.9,13.0,57.1,52.6,4.8,23.4,15.2,35.3,19.3,48.0,2.6,0.6,4.0,7.4,7.0,49.6,61.6,37.6,34.7,37.1,44.0,58.4,42.6,53.8,39.5,30.4,24.1,17.9,48.5,4.4,61.5,44.5,43.3,48.1,10.1,100.0,12.5,2.0,14.8,55.6,33.5,50.9,17.5,22.3,37.5,0.0,49.2,38.9,42.9,15.9,0.0,20.4,46.1,4.1,39.5,29.3,6.5,62.8,47.0,9.9,1.0,26.6,1.0,42.1,1.2,27.8,26.8,44.8,35.6,25.3,2.2,10.2,13.8,6.5,57.5,52.8,10.7,0.2,5.5,27.0,54.8,28.6,5.6,30.3,0.0,46.1,21.8,45.1,44.2,11.6,65.3,37.3,32.7,57.0,1.5,46.1,6.9,44.3,60.2,29.3,51.1,13.7,61.5,12.1,50.7,41.0,18.8,31.3,7.8,0.0,76.8,19.8,0.7,54.4,34.4,42.7,2.6,58.0,42.3,8.2,17.0,4.2,0.0,3.3
"Graduates in science and engineering, %",35.9,68.0,8.5,20.1,17.1,30.9,71.4,49.6,20.3,5.6,87.9,27.4,34.4,46.8,30.5,30.6,97.8,33.9,36.7,34.4,0.0,46.4,0.0,52.7,37.5,0.0,47.5,22.8,64.3,12.2,55.4,45.7,6.9,22.8,5.9,41.8,60.9,0.0,62.4,55.5,30.9,89.1,19.4,60.4,0.9,0.0,21.1,0.0,20.3,29.4,82.0,33.6,99.8,0.0,57.2,31.6,44.6,0.0,34.5,64.1,49.3,0.0,0.0,32.7,46.2,33.3,56.0,33.0,66.3,99.6,0.0,26.2,84.8,41.0,55.3,46.2,37.1,36.9,0.2,81.8,11.4,0.0,31.6,45.7,0.0,9.6,0.0,37.6,39.7,100.0,0.0,20.1,0.0,68.2,45.1,33.7,62.0,39.2,68.1,53.9,66.3,74.0,11.7,46.9,0.0,71.0,87.7,42.9,64.8,29.9,38.3,0.0,59.3,53.0,42.4,62.1,0.0,0.0,19.3,97.5,0.0,50.0,80.1,56.7,0.0,33.0,26.1,92.9,44.6,0.0,0.0,70.2
"Tertiary inbound mobility, %",4.5,1.4,0.0,9.3,15.7,69.4,47.1,6.2,34.0,0.0,15.7,26.8,7.8,17.5,5.8,0.6,9.9,19.1,5.4,12.7,6.4,0.0,7.4,43.3,1.4,1.1,0.5,3.0,9.3,69.6,38.3,28.0,4.5,2.0,4.8,0.9,29.6,0.0,21.4,24.4,23.2,26.9,2.7,9.3,0.5,2.4,2.1,43.2,33.6,22.5,0.3,0.2,2.0,0.0,28.6,7.3,7.5,0.0,13.9,32.6,14.6,3.4,0.0,41.5,1.5,27.8,15.9,100.0,5.0,19.9,2.2,33.2,3.8,17.9,1.8,3.8,0.0,5.4,0.9,0.1,12.7,0.0,31.2,55.4,0.0,14.4,0.0,13.7,11.3,7.6,0.0,0.0,0.0,0.0,0.0,10.2,25.9,100.0,8.6,17.6,15.1,13.2,9.7,11.4,18.8,12.5,51.1,24.1,17.8,9.2,9.8,1.0,19.0,47.5,2.2,3.4,0.0,0.0,5.2,8.2,28.6,10.6,100.0,49.8,0.0,13.8,0.0,0.6,0.9,11.3,0.0,1.2
Research and development (R&D),0.0,3.1,0.1,18.1,0.7,65.7,54.9,4.0,4.8,4.5,10.0,62.3,0.0,1.4,1.9,35.0,10.4,9.4,0.9,0.6,0.2,0.4,0.0,62.6,15.7,70.5,12.6,5.7,9.7,5.7,24.5,67.0,0.0,3.7,11.1,0.6,18.5,1.0,64.8,69.3,4.2,75.3,0.2,19.7,0.1,0.0,0.1,58.4,37.1,34.5,40.6,13.5,14.4,1.8,53.0,60.5,49.1,0.0,77.4,8.4,13.1,0.0,4.5,0.3,0.0,9.3,17.1,33.0,0.0,26.7,0.5,19.6,0.0,2.3,29.9,1.0,2.5,2.4,1.0,0.5,1.3,0.0,68.3,48.0,0.4,0.0,0.0,2.6,53.1,5.1,11.1,1.8,0.7,7.8,8.0,36.8,40.3,7.2,86.8,2.1,3.2,38.1,2.4,40.2,2.8,6.9,59.2,14.4,37.1,13.2,48.5,0.5,72.7,78.3,0.3,17.9,0.8,1.1,30.3,5.4,0.4,9.6,41.2,75.1,1.6,86.1,10.3,1.2,5.7,0.0,0.0,0.2
"Researchers, FTE/mn pop.",0.0,9.3,0.1,14.0,0.0,0.0,66.0,19.8,4.1,0.0,16.7,65.9,0.0,5.0,2.0,10.0,0.0,27.4,0.0,0.1,0.0,0.2,0.0,51.8,5.7,18.1,0.8,3.8,25.4,19.4,47.3,88.3,0.0,4.4,9.5,0.7,44.0,0.9,86.4,56.5,19.5,61.8,0.9,45.9,0.0,0.0,0.2,49.9,49.9,69.8,2.7,4.4,18.9,1.5,54.7,0.0,30.6,0.0,62.5,6.7,7.1,0.0,5.7,0.0,0.0,24.6,42.7,56.4,0.2,24.9,0.5,26.2,0.0,6.3,3.8,3.6,8.4,12.2,0.3,0.2,1.6,0.0,67.8,67.1,0.0,0.1,0.0,8.9,76.8,3.7,4.2,0.3,1.6,0.0,1.8,37.7,59.8,6.5,100.0,8.9,10.8,31.1,0.5,5.0,6.3,24.8,83.6,36.2,56.5,5.4,35.6,1.1,91.0,63.7,0.0,20.4,0.4,5.5,20.2,18.9,0.1,9.6,27.9,53.7,0.1,55.4,8.7,4.7,8.5,0.0,0.0,1.0
"Gross expenditure on R&D, % GDP",0.0,9.7,0.4,8.4,3.7,33.5,58.8,3.9,1.7,0.0,9.9,63.9,0.0,3.6,9.7,22.1,4.9,15.5,4.4,3.7,1.1,2.0,0.0,31.1,6.1,44.1,5.1,7.0,22.8,15.0,36.5,55.7,0.0,8.0,17.5,3.0,32.9,4.9,53.9,43.2,5.3,57.8,0.0,27.4,0.3,0.0,0.6,18.0,29.4,45.4,11.9,5.0,16.1,0.6,22.5,100.0,28.0,0.0,60.2,12.6,2.3,0.0,3.3,1.5,0.0,12.8,21.1,20.6,0.0,19.0,2.7,12.3,0.0,7.6,5.3,2.3,6.5,0.0,5.6,2.5,6.3,0.0,42.1,25.9,1.8,0.0,0.0,6.7,41.8,6.7,3.5,2.5,2.3,3.0,5.8,25.5,29.6,9.6,88.5,4.0,8.4,20.1,13.8,9.4,10.4,16.5,34.7,16.6,39.4,11.2,25.7,2.2,64.8,57.8,1.4,20.9,4.7,0.9,19.9,13.6,2.4,7.3,26.5,31.3,9.3,63.4,9.6,2.4,9.6,0.0,0.0,0.0
"Global corporate R&D investors, top 3, mn US$",0.0,0.0,0.0,0.0,0.0,65.6,57.9,0.0,0.0,0.0,0.0,66.9,0.0,0.0,0.0,46.5,0.0,0.0,0.0,0.0,0.0,0.0,0.0,64.4,0.0,93.8,0.0,0.0,0.0,0.0,0.0,70.4,0.0,0.0,0.0,0.0,0.0,0.0,74.3,84.7,0.0,94.0,0.0,0.0,0.0,0.0,0.0,0.0,51.6,45.9,68.5,0.0,0.0,0.0,72.5,62.9,68.9,0.0,90.1,0.0,0.0,0.0,0.0,0.0,0.0,0.0,0.0,60.4,0.0,0.0,0.0,39.4,0.0,0.0,42.3,0.0,0.0,0.0,0.0,0.0,0.0,0.0,81.8,47.6,0.0,0.0,0.0,0.0,55.5,0.0,0.0,0.0,0.0,0.0,0.0,48.2,45.4,0.0,90.4,0.0,0.0,40.9,0.0,65.9,0.0,0.0,49.2,0.0,52.0,0.0,70.6,0.0,79.3,89.9,0.0,0.0,0.0,0.0,48.5,0.0,0.0,0.0,59.6,84.3,0.0,100.0,0.0,0.0,0.0,0.0,0.0,0.0
"QS university ranking, top 3",0.0,0.0,0.0,43.1,0.0,81.9,44.3,0.0,11.6,8.9,16.6,55.1,0.0,0.0,0.0,42.5,23.4,6.8,0.0,0.0,0.0,0.0,0.0,82.1,41.3,86.8,34.9,11.6,5.0,0.0,31.5,58.5,0.0,5.0,19.8,0.0,16.9,0.0,50.1,73.5,0.0,72.2,0.0,22.4,0.0,0.0,0.0,82.9,20.1,0.0,46.0,35.9,25.8,4.3,48.0,38.3,49.1,0.0,80.7,15.5,34.7,0.0,8.9,0.0,0.0,9.2,19.4,0.0,0.0,58.0,0.0,0.0,0.0,0.0,42.7,0.0,0.0,0.0,0.0,0.0,0.0,0.0,68.1,49.8,0.0,0.0,0.0,0.0,44.5,10.1,29.5,3.9,0.0,18.1,20.3,30.5,30.9,13.6,75.7,0.0,0.0,47.9,0.0,47.4,0.0,0.0,69.4,16.8,11.3,31.4,44.3,0.0,61.0,84.3,0.0,33.2,0.0,0.0,22.4,0.0,0.0,20.3,36.8,98.5,0.0,98.9,21.8,0.0,8.1,0.0,0.0,0.0
Infrastructure,46.3,31.1,24.4,44.0,39.9,58.8,62.7,36.3,55.8,35.5,43.4,53.7,28.7,47.5,36.5,43.9,45.5,54.7,27.3,20.7,32.8,30.9,27.6,57.0,50.3,57.5,46.0,43.4,56.2,57.2,58.3,64.3,43.3,42.4,35.5,33.6,61.6,23.9,65.9,59.0,38.6,57.7,34.3,50.4,25.9,19.9,31.4,63.7,54.3,57.8,40.7,43.4,41.1,23.9,60.1,52.2,57.4,32.6,61.3,31.9,46.2,30.3,54.0,37.1,26.1,48.1,50.9,53.4,18.2,48.6,23.8,57.2,22.6,42.7,44.2,35.6,51.1,36.3,35.7,21.4,30.3,28.9,60.1,57.9,28.2,20.8,28.0,49.2,66.5,46.9,27.6,48.6,41.1,40.5,38.7,51.9,53.4,57.1,60.3,38.3,54.8,44.3,34.6,48.0,30.4,53.6,61.4,52.5,57.6,40.7,59.8,41.8,67.0,65.7,24.8,47.7,26.5,36.5,49.2,37.2,28.7,38.7,63.2,62.9,30.7,58.7,46.0,41.7,42.5,25.3,26.7,23.6
Information and communication technologies (ICTs),78.0,45.1,40.0,80.8,75.3,90.5,91.5,71.6,81.9,58.2,78.3,74.5,46.9,63.1,53.7,80.5,68.9,82.3,43.4,30.8,47.9,53.0,41.8,84.7,84.8,87.6,75.7,73.0,82.6,89.7,77.1,93.8,71.4,71.0,60.1,60.3,93.6,34.1,92.7,88.1,70.2,80.0,62.3,78.4,47.3,30.1,50.8,90.6,75.5,85.7,71.6,72.5,65.3,47.0,81.8,78.9,81.7,52.0,90.2,48.8,85.7,58.8,86.5,69.5,31.3,72.1,83.5,81.9,29.3,84.6,38.3,86.0,27.0,69.8,75.7,63.5,68.5,63.7,42.6,26.0,51.4,42.8,90.7,90.2,50.6,26.7,47.1,75.4,88.9,83.1,53.5,64.7,67.1,68.1,66.2,86.4,82.4,75.4,95.6,72.2,78.9,83.0,54.2,80.0,48.6,81.1,92.5,75.9,85.4,72.5,86.2,67.9,88.1,88.7,37.1,80.4,46.5,67.9,82.2,68.4,48.4,74.9,90.2,94.2,46.8,92.0,83.3,76.0,72.1,28.7,37.5,48.1
ICT access,84.5,80.4,41.9,90.8,93.3,88.9,91.0,86.2,94.2,76.0,89.7,89.2,54.2,82.3,83.4,81.4,83.3,91.7,54.6,38.1,65.2,71.1,41.0,85.5,92.2,88.1,85.3,91.3,90.0,98.1,89.7,93.2,70.6,71.2,81.1,71.2,93.0,36.8,92.3,88.7,92.2,91.6,72.4,89.3,63.7,51.2,65.3,98.2,88.4,97.0,70.4,89.2,88.0,80.2,88.0,89.4,88.1,80.4,92.1,68.8,90.2,75.3,96.0,84.3,54.5,90.1,94.3,98.0,41.7,93.6,61.8,95.1,51.0,89.2,77.2,78.1,92.9,90.7,46.4,0.0,64.7,63.0,93.8,93.2,60.8,34.6,56.6,81.5,91.6,94.2,64.2,83.1,73.0,70.4,69.4,90.3,90.7,95.1,95.0,79.2,90.0,86.6,63.2,97.0,63.8,91.3,99.6,90.0,94.6,83.5,91.5,81.2,93.6,93.2,66.7,91.8,60.0,89.1,87.5,83.5,51.9,86.6,98.2,95.9,49.1,89.5,86.0,82.7,90.5,39.9,67.9,64.4
ICT use,58.7,57.0,24.0,62.2,62.9,81.8,82.5,60.7,77.2,38.6,77.7,77.5,27.4,56.0,58.3,62.9,74.0,71.0,21.3,16.6,40.5,54.1,37.5,75.3,76.2,75.3,54.0,67.0,75.8,78.3,73.8,88.5,61.1,51.7,51.1,44.5,82.2,30.0,86.2,85.1,65.5,79.7,50.1,75.0,24.1,16.7,42.5,83.0,71.2,89.1,45.0,57.8,68.2,43.2,76.3,80.1,73.4,51.8,79.2,57.2,72.2,32.6,75.5,57.4,29.8,81.6,80.4,82.8,16.8,73.9,24.5,84.3,37.6,55.6,61.1,62.3,72.1,60.6,19.7,0.0,38.4,31.2,82.0,76.0,34.4,13.0,31.3,62.5,86.0,69.5,34.3,55.2,49.8,50.5,47.5,73.0,73.2,75.2,87.4,58.2,72.3,77.0,28.8,82.9,36.9,71.7,76.4,71.5,76.0,56.9,80.0,47.2,86.5,88.2,15.6,72.9,24.8,59.3,66.3,58.6,26.4,63.8,78.7,87.3,26.9,84.0,77.2,62.3,62.2,11.5,25.4,30.4
Government's online service,84.1,27.6,48.8,84.7,70.0,94.7,94.7,70.6,78.8,61.2,70.6,65.9,51.2,53.5,36.5,87.1,63.5,77.1,46.5,35.3,45.3,45.3,47.1,84.1,85.3,90.6,76.5,68.2,75.3,87.1,72.3,97.1,76.5,81.2,57.1,57.6,99.4,36.5,97.1,88.2,58.8,73.5,63.5,70.6,51.2,21.8,46.5,0.0,74.7,79.4,85.3,68.2,58.8,33.5,77.1,74.7,82.9,38.8,90.6,35.9,92.3,67.7,84.1,64.7,19.4,58.2,85.3,76.5,28.8,85.3,34.7,81.2,10.0,70.0,82.3,52.9,54.1,52.4,51.8,25.9,52.4,40.0,90.6,92.9,54.7,29.4,51.8,74.1,87.7,85.3,62.9,62.4,70.6,75.3,72.9,85.9,83.5,65.9,100.0,75.3,72.3,81.8,61.8,68.8,49.4,79.4,96.5,71.8,85.3,74.7,88.8,71.8,90.0,82.9,31.8,79.4,50.0,61.2,85.9,62.4,58.2,68.2,90.0,95.9,55.3,94.7,84.1,78.2,65.3,32.4,25.9,52.4
E-participation,84.5,15.5,45.2,85.7,75.0,96.4,97.6,69.0,77.4,57.1,75.0,65.5,54.8,60.7,36.9,90.5,54.8,89.3,51.2,33.3,40.5,41.7,41.7,94.0,85.7,96.4,86.9,65.5,89.3,95.2,72.6,96.4,77.4,79.8,51.2,67.9,100.0,33.3,95.2,90.5,64.3,75.0,63.1,78.6,50.0,30.9,48.8,0.0,67.9,77.4,85.7,75.0,46.4,30.9,85.7,71.4,82.1,36.9,98.8,33.3,88.1,59.5,90.5,71.4,21.4,58.3,73.8,70.2,29.8,85.7,32.1,83.3,9.5,64.3,82.1,60.7,54.8,51.2,52.4,26.2,50.0,36.9,96.4,98.8,52.4,29.8,48.8,83.3,90.5,83.3,52.4,58.3,75.0,76.2,75.0,96.4,82.1,65.5,100.0,76.2,81.0,86.9,63.1,71.4,44.0,82.1,97.6,70.2,85.7,75.0,84.5,71.4,82.1,90.5,34.5,77.4,51.2,61.9,89.3,69.0,57.1,81.0,94.0,97.6,56.0,100.0,85.7,81.0,70.2,30.9,30.9,45.2
General infrastructure,21.4,31.1,11.1,26.0,18.9,53.7,56.1,15.7,64.3,23.9,26.5,54.6,23.5,28.3,23.6,26.0,46.1,32.1,19.9,14.6,26.9,21.8,22.9,64.6,36.4,56.0,24.2,22.8,33.6,35.9,50.4,48.5,25.4,28.2,21.0,15.8,41.9,23.6,61.2,52.4,22.8,54.5,16.6,29.6,12.3,13.3,22.2,44.2,40.6,61.8,33.9,34.3,43.3,8.9,42.0,42.1,41.9,19.9,55.9,20.7,33.8,16.1,55.4,24.0,28.5,29.3,22.1,33.3,12.3,35.3,16.7,28.4,20.1,23.9,28.8,28.7,34.1,22.8,51.5,20.7,10.8,29.6,52.0,52.8,14.3,16.0,22.6,21.4,72.5,39.1,12.1,39.8,31.0,21.7,23.1,37.1,41.1,76.2,58.7,21.3,33.3,33.9,25.4,44.7,20.8,32.2,56.0,31.2,42.6,31.4,45.6,20.2,68.3,54.3,17.5,36.9,18.7,24.7,39.0,15.2,21.4,19.6,64.6,44.2,28.4,58.6,22.0,32.6,38.5,3.6,25.3,2.9
"Electricity output, GWh/mn pop.",9.1,9.2,2.3,15.5,12.7,50.5,38.0,12.4,100.0,2.4,19.7,37.3,0.3,24.2,4.4,14.2,56.2,28.4,0.3,0.0,1.9,2.5,1.5,82.7,20.6,27.1,7.0,10.5,15.9,27.1,36.6,24.1,8.9,8.6,9.4,4.5,20.7,0.5,61.1,38.2,14.6,33.9,3.0,21.1,3.5,0.0,5.2,23.0,17.5,100.0,5.6,5.0,18.9,11.8,31.4,38.7,22.7,7.2,39.9,9.8,28.2,0.9,87.5,11.4,26.8,14.7,8.2,9.5,0.3,26.9,0.9,19.7,1.7,11.0,13.2,10.4,27.0,5.1,2.9,2.1,1.9,0.9,34.4,43.3,3.3,0.0,0.6,12.5,100.0,37.7,2.9,13.3,32.4,7.8,4.7,20.0,24.8,86.4,55.1,11.4,13.9,36.8,0.2,55.1,1.4,26.4,46.0,25.3,39.4,19.3,26.7,3.5,77.0,38.7,10.8,13.0,0.3,32.1,17.9,9.1,0.3,15.6,69.5,22.6,0.5,62.8,18.4,9.2,12.0,0.5,3.9,2.5
Logistics performance,28.4,18.6,0.0,39.1,26.1,79.1,92.1,0.0,40.9,24.6,24.2,92.6,32.6,35.4,0.0,43.7,30.7,45.6,26.5,0.5,47.9,24.6,25.6,78.1,59.1,72.6,41.4,34.4,48.8,51.2,75.8,90.2,28.4,38.6,35.8,24.6,58.6,0.0,89.3,83.3,18.1,100.0,24.2,53.5,16.7,7.0,25.6,87.0,63.7,54.9,52.6,51.2,37.2,6.0,67.9,58.6,78.6,21.9,92.1,29.8,35.4,35.4,37.7,23.3,30.2,35.4,45.1,73.5,15.8,54.4,25.1,35.4,13.0,31.6,46.5,14.9,32.6,22.8,0.0,11.6,0.0,21.4,91.6,85.1,0.0,0.9,22.3,30.2,76.7,53.5,17.2,57.2,34.0,29.8,39.5,69.3,74.0,66.0,72.6,19.1,49.8,33.0,42.8,44.6,9.3,36.7,90.7,45.6,58.6,61.9,82.8,25.6,93.0,86.0,13.5,63.3,18.6,17.2,51.2,24.2,24.6,36.3,88.8,90.2,0.0,85.6,29.8,24.6,56.7,10.2,22.3,3.3
"Gross capital formation, % GDP",26.8,65.5,31.1,23.3,18.0,31.4,38.1,19.1,51.9,44.7,35.7,34.1,37.8,25.4,42.9,20.1,51.4,22.3,32.9,28.8,30.8,38.4,41.8,32.9,29.5,68.3,24.2,23.3,36.0,29.4,38.6,31.3,38.7,37.4,17.7,18.3,46.5,46.6,33.1,35.9,35.7,29.6,22.6,14.3,16.5,19.6,35.7,22.6,40.7,30.4,43.5,46.8,73.9,0.0,26.7,29.1,24.3,30.5,35.6,22.5,37.7,12.1,41.0,37.3,0.0,38.0,13.2,17.0,20.7,24.7,24.2,30.1,45.6,29.0,26.6,60.9,42.6,40.5,100.0,48.3,19.6,66.3,29.9,30.0,25.3,47.1,44.7,0.0,40.7,26.2,16.3,48.8,26.7,27.4,25.0,22.0,24.5,0.0,48.5,33.4,36.3,31.8,33.0,34.4,51.6,33.5,31.4,22.7,29.9,13.1,27.3,31.6,35.0,38.2,28.3,34.5,37.1,0.0,48.0,12.3,39.1,7.0,35.4,19.8,56.2,27.3,17.8,63.9,46.8,0.0,49.6,0.0
Ecological sustainability,39.6,17.2,22.1,25.3,25.4,32.3,40.6,21.5,21.1,24.3,25.4,32.0,15.6,51.2,32.0,25.3,21.4,49.8,18.5,16.5,23.7,17.8,18.1,21.6,29.6,28.9,38.2,34.6,52.4,45.9,47.3,50.7,33.1,28.1,25.4,24.7,49.2,14.0,43.7,36.4,22.9,38.6,24.1,43.3,18.3,16.1,21.1,56.3,46.6,25.9,16.7,23.2,14.7,15.8,56.6,35.5,48.7,26.0,37.8,26.2,19.2,16.1,20.0,17.8,18.5,42.9,46.9,44.9,13.0,25.7,16.3,57.3,20.8,34.5,28.0,14.5,50.7,22.5,13.0,17.6,28.9,14.3,37.8,30.8,19.8,19.7,14.3,50.9,38.2,18.6,17.1,41.3,25.2,31.6,26.8,32.2,36.8,19.6,26.8,21.3,52.1,16.1,24.3,19.2,21.9,47.5,35.5,50.3,44.9,18.3,47.5,37.1,44.6,54.0,19.7,25.9,14.3,17.1,26.5,28.1,16.3,21.5,34.8,50.3,16.9,25.4,32.8,16.4,17.0,43.7,17.3,19.9
GDP/unit of energy use,46.8,19.7,35.5,26.4,27.4,22.7,38.8,23.0,8.2,48.6,15.8,27.0,16.6,14.2,40.2,26.6,14.7,20.1,19.4,0.0,36.8,21.3,23.1,12.0,28.8,15.5,47.5,49.3,34.7,39.6,24.5,57.3,56.2,32.2,36.8,31.0,22.2,10.3,19.0,33.5,27.5,39.8,42.2,39.4,25.7,0.0,22.3,99.9,30.1,3.4,25.4,36.9,7.0,18.8,100.0,45.4,43.5,21.8,35.3,26.4,14.2,15.9,9.3,17.5,23.8,33.6,35.4,55.5,9.8,25.4,18.9,83.5,33.5,52.9,34.0,12.4,29.0,33.5,5.1,33.1,31.6,13.8,35.5,25.5,20.5,20.9,14.4,30.3,30.7,13.3,23.7,72.2,32.6,43.4,43.4,32.7,44.4,13.1,18.6,18.6,45.0,9.4,39.1,17.6,30.9,19.2,44.4,28.4,29.9,10.0,41.2,67.8,29.9,73.7,21.5,22.7,5.8,0.0,45.8,28.6,11.0,11.2,33.7,48.5,15.3,24.2,38.3,10.3,19.6,86.4,12.6,4.5
Environmental performance,47.1,29.6,30.5,41.1,48.3,60.1,66.5,38.6,42.0,23.1,48.5,58.2,29.6,39.4,54.0,43.6,45.7,51.9,35.5,30.5,32.8,30.1,30.2,50.0,46.7,28.4,42.4,46.3,60.2,58.0,59.9,77.9,42.2,46.5,35.5,40.8,61.4,31.8,76.5,62.5,39.1,62.4,27.7,56.2,28.0,31.6,36.5,0.0,55.1,62.8,18.9,28.2,34.5,27.8,57.4,48.2,57.7,45.6,57.2,43.6,40.9,30.8,42.4,35.7,30.7,61.1,55.9,72.3,28.0,35.0,28.5,75.2,28.1,44.8,45.5,29.6,46.9,28.4,31.7,19.4,50.9,28.3,62.6,56.7,37.7,37.7,28.3,54.3,59.3,30.7,24.6,50.5,40.9,39.8,28.9,50.6,50.4,33.0,46.9,42.7,56.0,37.5,32.8,37.9,33.9,43.9,50.9,60.0,67.3,37.2,56.6,34.7,72.7,65.9,37.1,38.1,34.0,47.8,26.3,40.7,35.8,49.6,52.4,77.7,34.2,51.1,37.4,38.2,20.1,0.0,38.4,46.2
ISO 14001 environmental certificates/bn PPP$ GDP,24.9,2.2,0.3,8.4,0.5,14.0,16.4,3.0,13.2,1.1,11.8,10.8,0.7,100.0,1.7,5.8,3.9,77.3,0.6,2.6,1.4,2.0,0.9,2.7,13.4,42.9,24.8,8.1,62.3,40.1,57.4,16.9,0.8,5.6,3.8,2.4,64.0,0.0,35.7,13.1,2.0,13.5,2.4,34.2,1.3,0.7,4.7,12.7,54.8,11.4,5.7,4.5,2.8,0.7,12.4,13.1,44.9,10.7,20.9,8.5,2.5,1.5,8.3,0.2,1.0,34.1,49.5,7.0,1.3,16.8,1.4,13.1,0.8,5.8,4.6,1.5,76.3,5.6,2.1,0.4,4.3,0.9,15.2,10.2,1.2,0.6,0.3,68.1,24.6,11.7,3.1,1.2,2.1,11.7,8.0,13.4,15.5,12.6,14.8,2.5,55.4,1.3,0.9,2.0,1.0,79.3,11.4,62.5,37.5,7.6,44.5,8.9,31.3,22.3,0.5,16.9,3.2,3.4,7.3,15.0,2.1,3.8,18.3,24.6,1.0,1.0,22.5,0.6,11.2,1.1,0.8,9.1
Market sophistication,25.4,12.1,14.9,24.9,26.5,50.1,41.0,28.4,30.4,25.4,24.6,38.2,17.6,45.5,19.6,37.2,23.5,33.5,17.5,7.4,14.8,38.2,4.4,65.0,37.7,56.0,32.5,25.9,35.1,43.5,29.6,53.1,27.2,23.3,26.2,23.6,68.8,19.4,51.7,58.0,30.8,53.7,16.2,33.1,21.7,6.9,23.0,76.3,32.5,40.0,50.4,41.7,56.8,10.8,35.8,60.2,41.9,19.9,59.0,36.9,25.6,19.7,30.7,37.2,34.8,32.8,42.9,43.0,20.6,45.3,12.8,42.9,8.8,52.1,36.3,23.9,36.7,30.6,16.2,25.1,28.2,34.2,50.7,45.7,37.2,17.8,11.4,42.6,44.6,31.2,23.6,25.7,27.7,40.2,29.2,33.5,38.8,37.7,48.0,34.3,33.2,37.4,17.9,47.0,31.2,27.5,68.4,31.2,32.1,40.4,43.4,21.0,55.6,59.8,25.1,45.3,22.9,14.2,41.6,23.9,11.0,23.4,46.4,67.6,28.9,80.8,29.2,33.9,38.4,26.2,22.0,18.5
Credit,9.4,9.5,9.6,17.3,28.5,49.1,40.4,8.1,27.0,31.4,11.0,27.7,16.7,31.2,23.4,22.1,13.5,31.2,19.1,5.8,11.0,76.6,9.6,49.4,39.5,44.7,24.3,21.8,29.3,36.5,18.8,62.4,14.7,22.3,17.6,22.3,47.4,0.0,51.6,47.3,32.5,40.0,1.9,32.1,16.4,3.0,25.4,100.0,28.0,18.6,26.4,23.5,27.1,1.2,28.1,38.1,35.8,25.0,59.6,28.7,18.0,8.3,36.6,32.2,10.7,28.2,34.4,40.0,14.1,55.7,14.7,30.9,6.8,35.7,21.5,11.2,22.3,25.7,7.1,15.3,26.5,65.0,49.0,61.6,24.9,4.5,3.7,25.3,56.7,30.4,14.1,33.1,17.5,51.5,9.3,22.2,40.1,49.5,54.8,38.6,30.5,18.6,8.9,32.4,28.8,15.8,50.3,33.6,28.7,31.4,41.1,13.1,50.1,57.9,19.1,55.4,31.2,15.6,34.9,23.7,3.8,5.3,40.8,51.4,51.5,69.8,19.7,7.1,31.9,6.5,12.8,2.1
Finance for startups and scaleups,0.0,0.0,25.7,30.5,30.7,44.1,46.0,0.0,0.0,0.0,21.9,0.0,0.0,41.4,0.0,40.7,0.0,44.1,19.1,0.0,0.0,0.0,0.0,49.4,31.9,51.5,29.4,0.0,37.1,31.5,0.0,0.0,19.5,25.9,39.6,0.0,55.5,0.0,65.5,48.5,0.0,48.3,0.0,33.8,20.9,0.0,0.0,0.0,43.1,0.0,54.2,57.3,30.3,0.0,45.6,51.3,40.7,29.9,45.4,43.6,37.3,0.0,39.5,0.0,0.0,45.0,56.2,40.4,25.9,60.6,0.0,0.0,0.0,0.0,37.0,0.0,0.0,30.2,13.7,0.0,0.0,0.0,60.3,0.0,0.0,0.0,0.0,30.6,50.0,37.3,29.5,26.6,17.6,34.9,0.0,45.9,42.4,46.4,46.7,0.0,34.6,29.6,0.0,45.6,0.0,0.0,0.0,42.9,42.5,35.6,41.5,0.0,50.3,51.3,0.0,49.7,25.3,0.0,42.4,0.0,0.0,0.0,48.9,48.3,0.0,56.3,30.6,0.0,37.9,0.0,0.0,0.0
"Domestic credit to private sector, % GDP",13.1,9.5,2.9,4.1,26.3,54.1,34.7,8.1,27.0,15.7,10.9,27.7,3.9,20.9,13.4,25.5,13.5,18.2,9.0,6.6,6.1,53.1,3.6,0.0,47.0,69.9,19.2,21.8,21.4,41.5,18.8,62.4,9.8,16.6,8.5,22.3,23.4,0.0,37.7,46.2,29.4,31.7,2.3,30.3,12.0,1.3,25.4,100.0,12.9,37.3,19.4,13.1,23.9,1.2,10.6,24.9,30.8,20.1,73.8,30.7,7.9,10.4,33.7,9.0,0.0,11.4,12.7,39.6,4.3,50.8,8.1,30.9,6.8,35.7,13.1,15.9,21.5,35.9,7.6,8.6,26.5,32.5,37.7,61.6,9.7,2.4,2.6,20.0,63.4,23.5,4.6,39.6,17.4,19.6,18.4,17.6,37.8,52.7,63.0,8.8,8.1,21.5,7.5,19.1,9.3,15.8,50.3,24.4,14.9,40.4,40.7,17.5,49.9,64.4,2.9,61.0,8.3,15.6,27.5,30.1,3.4,9.0,32.7,54.6,3.0,83.2,8.8,11.9,56.2,0.0,3.8,0.3
"Loans from microfinance institutions, % GDP",5.7,0.0,0.1,0.0,0.0,0.0,0.0,0.0,0.0,47.0,0.2,0.0,29.4,0.0,33.5,0.2,0.0,0.0,29.2,5.0,15.8,100.0,15.6,0.0,0.0,12.7,0.0,0.0,0.0,0.0,0.0,0.0,0.0,24.2,4.8,0.0,63.3,0.0,0.0,0.0,35.6,0.0,1.4,0.0,0.0,4.7,0.0,0.0,0.0,0.0,5.5,0.1,0.0,0.0,0.0,0.0,0.0,0.0,0.0,11.7,8.7,6.1,0.0,55.4,10.7,0.0,0.0,0.0,12.1,0.0,21.4,0.0,0.0,0.0,14.3,6.6,23.0,11.0,0.0,22.1,0.0,97.5,0.0,0.0,40.2,6.6,4.8,0.0,0.0,0.0,8.2,0.0,0.0,100.0,0.2,3.1,0.0,0.0,0.0,68.5,48.8,4.6,10.2,0.0,48.2,0.0,0.0,0.0,0.0,18.3,0.0,8.7,0.0,0.0,35.4,0.0,59.9,0.0,0.0,17.2,4.3,1.6,0.0,0.0,100.0,0.0,0.0,2.3,1.7,13.0,21.8,3.9
Investment,5.0,0.7,0.0,4.0,2.6,28.3,15.5,0.0,13.4,3.1,1.1,22.5,0.0,0.0,3.6,17.2,0.0,4.9,6.1,0.0,6.4,7.5,2.6,68.0,12.6,28.7,10.5,1.5,13.2,38.2,5.3,34.7,0.0,3.0,8.1,4.2,96.2,0.6,38.5,39.9,2.8,25.4,6.2,5.0,2.0,0.0,3.7,67.5,5.5,48.5,38.8,13.9,96.5,0.5,22.8,80.4,6.4,11.7,24.2,25.4,2.3,13.9,11.4,0.0,0.0,10.7,34.8,42.8,0.0,16.2,3.0,39.5,0.0,65.9,7.9,0.0,31.8,7.2,4.5,5.3,7.0,1.2,33.9,17.8,0.0,13.3,7.8,0.0,17.6,3.9,3.5,5.0,0.0,4.7,10.6,4.6,10.1,10.6,16.6,8.1,2.3,5.0,18.4,42.4,25.4,3.0,92.5,2.0,3.9,31.6,12.8,2.2,49.3,59.0,5.4,12.5,0.0,4.8,7.9,5.2,4.0,1.4,35.8,63.2,2.5,76.3,22.5,0.0,11.4,0.0,5.2,0.0
"Market capitalization, % GDP",0.0,0.0,0.0,4.2,0.0,40.6,10.7,0.0,24.7,9.6,0.5,28.2,0.0,0.0,0.0,22.4,0.0,9.0,0.0,0.0,5.0,0.0,0.0,51.4,28.7,23.5,13.8,1.2,13.4,6.0,3.9,0.0,0.0,0.0,5.3,0.0,0.0,0.0,0.0,34.7,0.0,19.6,5.0,8.8,0.0,0.0,0.0,100.0,6.9,0.0,32.7,17.5,96.5,0.0,14.0,21.7,9.8,32.6,44.8,17.7,8.9,8.6,35.0,0.0,0.0,0.0,0.0,25.3,0.0,43.9,0.0,12.9,0.0,23.4,12.6,0.0,31.8,20.4,0.0,0.0,7.0,0.0,41.2,19.2,0.0,0.0,3.8,0.0,25.7,7.7,5.6,9.4,0.0,16.0,27.8,10.2,10.9,36.7,38.1,0.0,3.6,16.0,11.6,89.2,0.0,3.0,70.1,2.0,5.4,100.0,20.9,7.0,0.0,89.1,0.0,38.9,0.0,0.0,9.5,7.5,0.0,1.5,24.5,47.2,3.8,62.5,0.0,0.0,22.4,0.0,5.0,0.0
"Venture capital investors, deals/bn PPP$ GDP",0.0,0.0,0.0,1.0,2.6,21.4,20.9,0.0,11.9,0.0,0.6,22.8,0.0,0.0,2.9,4.4,0.0,4.7,0.0,0.0,5.9,6.2,3.2,56.5,5.2,12.2,0.8,2.0,1.3,100.0,6.6,37.8,0.0,0.0,2.8,4.2,88.5,0.2,25.1,26.8,2.8,21.4,4.2,5.9,2.0,0.0,3.9,100.0,5.7,29.0,10.1,2.5,0.0,0.0,28.7,100.0,3.9,3.8,16.9,12.6,0.2,6.6,6.1,0.0,0.0,6.9,19.0,100.0,0.0,4.3,0.0,73.6,0.0,100.0,1.4,0.0,0.0,1.0,0.0,0.9,0.0,0.0,33.0,14.4,0.0,0.0,3.7,0.0,13.9,5.7,1.5,0.7,0.0,0.6,2.4,2.6,11.8,5.0,11.5,0.0,2.0,2.1,0.0,4.9,1.7,0.0,100.0,2.7,1.1,8.5,7.7,0.3,38.3,65.6,0.0,2.3,0.0,4.8,1.9,4.5,0.8,3.0,28.2,61.4,0.4,42.9,40.4,0.0,1.8,0.0,0.0,0.0
"Venture capital recipients, deals/bn PPP$ GDP
",7.2,0.0,0.0,1.6,0.0,30.9,16.9,0.0,9.4,1.6,2.9,22.4,0.0,0.0,7.5,11.0,0.0,5.3,12.1,0.0,14.2,15.0,4.3,100.0,7.7,31.0,5.4,2.4,12.8,35.9,4.5,38.1,0.0,1.1,9.4,0.0,100.0,1.4,47.5,47.8,0.0,30.5,10.8,1.7,0.0,0.0,5.6,23.9,6.8,63.1,30.4,7.8,0.0,1.0,33.7,100.0,7.4,10.6,27.9,23.1,0.0,29.4,2.0,0.0,0.0,17.1,47.4,17.9,0.0,7.5,6.0,27.2,0.0,40.2,3.7,0.0,0.0,5.1,7.7,6.1,0.0,2.2,26.8,30.9,0.0,24.9,12.8,0.0,18.5,1.7,5.6,3.3,0.0,0.2,4.8,3.7,14.8,0.6,6.2,9.2,3.5,0.3,32.6,4.8,18.1,0.0,100.0,2.3,7.5,13.1,10.1,1.5,42.8,55.0,8.2,2.2,0.0,0.0,4.7,8.2,9.4,0.4,31.6,78.1,5.4,100.0,3.5,0.0,9.4,0.0,8.0,0.0
"Venture capital received, value, % GDP
",2.8,2.2,0.0,9.2,0.0,20.2,13.7,0.0,7.6,1.4,0.7,16.7,0.0,0.0,0.4,30.8,0.0,0.6,0.0,0.0,0.4,1.1,0.3,64.1,8.6,48.0,21.9,0.4,25.2,10.7,6.3,28.3,0.0,4.9,14.8,0.0,100.0,0.1,42.9,50.4,0.0,30.0,4.7,3.7,0.0,0.0,1.4,45.9,2.6,53.4,81.8,28.0,0.0,0.1,14.7,100.0,4.4,0.0,7.2,48.4,0.1,11.0,2.4,0.0,0.0,8.1,38.1,28.1,0.0,9.3,0.0,44.2,0.0,100.0,13.9,0.0,0.0,2.3,1.3,8.8,0.0,0.3,34.5,6.8,0.0,1.6,11.1,0.0,12.2,0.6,1.4,6.6,0.0,2.2,7.3,1.8,3.0,0.2,10.6,7.0,0.3,1.7,11.2,70.6,56.5,0.0,100.0,1.1,1.4,5.0,12.3,0.2,66.9,26.4,2.6,6.5,0.0,0.0,15.4,0.6,1.9,0.6,58.7,66.0,0.4,100.0,23.8,0.0,11.8,0.0,2.4,0.0
"Trade, diversification, and market scale",62.0,26.0,20.3,53.4,48.4,73.1,67.3,48.6,50.8,41.8,61.7,64.5,18.5,59.9,31.9,72.4,33.5,64.2,27.4,8.9,27.0,30.7,1.1,77.8,61.2,94.6,62.6,54.5,62.8,56.0,64.6,62.2,39.8,44.7,52.9,44.4,62.7,38.3,65.1,86.7,57.2,95.8,40.6,62.2,46.6,10.8,39.8,61.5,63.9,52.8,85.9,87.7,46.9,30.8,56.5,62.2,83.5,23.0,93.3,56.6,56.6,36.9,44.0,42.1,58.9,59.5,59.5,46.0,27.1,64.0,20.6,58.4,10.8,54.7,79.5,36.5,56.0,58.8,37.0,54.7,51.0,36.5,69.2,57.7,49.5,35.7,22.7,59.9,59.5,59.2,53.2,39.1,37.9,64.4,67.8,73.7,66.2,53.0,72.7,56.2,66.8,88.6,26.5,66.3,39.5,63.6,62.4,58.0,63.6,58.1,76.2,47.6,67.3,62.4,50.6,67.9,14.6,22.4,81.9,42.7,25.0,63.6,62.5,88.1,32.7,96.2,45.4,60.7,71.8,45.9,48.1,34.9
"Applied tariff rate, weighted avg., %",92.9,34.3,40.3,55.5,79.9,95.4,90.4,61.6,86.9,28.9,88.6,90.4,36.2,81.5,94.8,45.6,99.9,90.4,53.8,26.8,50.6,59.8,0.0,90.4,97.2,84.0,84.5,90.2,90.4,90.4,90.4,90.4,74.8,59.8,32.5,87.7,90.4,21.5,90.4,90.4,98.6,90.4,32.0,90.4,89.7,20.9,78.6,100.0,90.4,90.1,60.0,86.8,21.8,0.0,90.4,88.0,90.4,45.6,85.6,74.3,87.3,39.7,80.5,84.9,93.7,90.4,90.4,90.4,53.4,76.7,40.2,90.4,21.1,94.0,92.2,65.7,83.3,76.7,73.2,88.3,91.8,25.0,90.4,94.5,88.1,47.9,20.0,88.8,81.9,88.9,43.9,62.7,73.8,95.7,89.2,90.4,90.4,77.0,64.5,91.8,90.4,73.7,34.1,72.6,41.3,90.7,99.7,90.4,90.4,71.5,90.4,59.4,90.4,91.2,74.6,77.2,29.0,44.2,81.6,39.5,47.7,89.2,78.8,91.7,42.2,90.2,65.8,83.0,91.3,67.5,68.8,67.7
Domestic industry diversification,92.2,31.9,16.0,81.4,64.5,91.8,99.6,81.0,63.8,75.1,92.1,88.6,0.0,97.2,0.0,94.2,0.0,98.5,0.0,0.0,0.0,0.0,0.0,97.6,74.9,99.9,85.3,71.0,95.2,76.8,93.1,87.9,0.0,69.9,95.1,0.0,96.6,86.8,98.3,95.0,71.7,97.0,85.7,88.7,0.0,0.0,0.0,73.6,93.2,67.9,97.7,96.8,92.4,52.1,66.8,89.4,99.6,0.0,94.1,93.3,70.6,65.1,47.0,40.9,81.8,86.9,85.7,0.0,0.0,93.7,0.0,84.5,0.0,69.7,85.9,43.1,84.8,93.1,0.0,70.7,61.0,82.0,92.9,73.5,59.6,58.6,0.0,90.3,88.3,85.5,89.8,51.9,0.0,87.5,92.2,99.0,100.0,76.1,97.3,76.1,95.6,92.1,45.0,87.3,76.0,97.2,73.8,79.4,98.6,83.6,93.8,76.7,98.1,80.9,76.6,96.8,0.0,0.0,99.7,86.0,0.0,88.7,93.2,98.9,52.1,98.5,68.8,92.9,98.5,69.0,74.1,36.3
"Domestic market scale, bn PPP$",0.8,11.8,4.7,23.4,0.8,31.9,11.8,3.3,1.6,21.3,4.3,14.3,0.8,1.0,0.7,77.2,0.5,3.8,1.0,0.0,3.4,1.5,2.1,45.5,11.6,100.0,18.1,2.3,2.6,0.7,10.3,8.1,4.8,4.4,30.9,1.2,1.0,6.5,6.4,74.7,1.2,100.0,4.2,7.4,3.5,0.7,1.1,10.8,7.9,0.3,100.0,79.3,26.6,9.4,12.4,9.3,60.6,0.5,100.0,2.3,11.9,5.8,4.5,0.6,1.2,1.3,2.4,1.6,0.8,21.6,0.9,0.3,0.4,0.4,60.3,0.8,0.1,6.6,0.8,5.1,0.3,2.6,24.1,5.1,0.7,0.6,25.4,0.6,8.3,3.1,25.9,2.8,2.1,10.0,21.9,31.6,8.3,6.0,56.2,0.6,14.5,100.0,0.5,38.9,1.2,3.1,13.7,4.2,1.8,19.2,44.5,6.8,13.5,15.1,0.6,29.8,0.2,0.6,64.5,2.7,2.4,12.9,15.6,73.6,3.9,100.0,1.7,6.3,25.5,1.2,1.3,0.6
Business sophistication,30.4,16.8,13.2,31.2,23.4,48.6,52.8,24.9,22.0,16.5,25.8,56.7,18.9,21.5,25.9,37.9,27.4,36.4,16.7,16.9,21.8,17.6,21.3,52.3,29.9,55.9,35.6,29.0,32.6,48.9,46.2,54.3,23.5,23.2,20.4,23.1,48.3,16.8,61.6,53.2,27.6,52.7,23.1,30.7,22.8,19.4,24.9,46.7,44.3,54.8,30.9,22.1,18.6,10.2,55.1,60.8,39.3,26.9,58.1,25.3,26.9,24.7,20.7,19.7,20.0,37.5,37.5,61.6,17.2,36.3,19.2,54.0,19.1,21.6,25.2,28.7,29.5,21.9,16.8,14.1,19.6,22.3,56.8,43.8,23.7,19.7,26.3,29.1,52.0,21.6,24.0,20.0,23.1,32.1,36.9,37.2,38.6,25.4,58.0,24.8,31.4,35.4,19.0,31.0,16.6,27.5,65.7,33.3,46.2,27.6,41.5,25.8,69.8,60.6,15.6,35.5,14.4,20.5,32.5,17.9,16.0,32.3,48.2,51.7,19.0,64.5,28.6,25.3,31.6,15.7,21.3,22.5
Knowledge workers,41.2,15.2,9.7,34.9,33.1,62.4,57.3,30.9,19.8,11.8,45.9,74.4,9.7,30.1,26.7,45.9,30.6,38.9,10.1,9.5,17.2,12.8,21.2,50.3,32.2,77.8,51.0,19.1,40.0,48.9,45.6,63.1,25.6,28.3,13.8,27.1,58.7,5.3,65.7,68.4,33.5,60.7,22.6,39.6,20.4,9.7,25.4,46.1,48.5,61.7,24.7,9.7,19.2,16.1,67.8,67.9,39.5,22.5,65.9,23.7,41.2,22.3,17.2,24.9,18.6,51.4,49.9,68.9,5.9,32.9,5.1,53.9,22.3,17.8,21.6,42.2,36.0,24.1,5.1,7.1,18.2,20.9,64.7,50.0,36.3,17.5,37.1,35.1,62.7,18.6,18.8,18.9,22.5,46.0,38.3,47.9,50.1,15.5,75.2,32.4,35.1,43.1,12.2,0.0,6.2,29.2,69.6,46.7,63.7,25.0,55.9,23.0,77.1,67.9,13.6,37.6,19.9,26.0,38.1,19.0,10.2,45.2,50.2,62.6,12.2,75.0,28.4,28.4,29.4,10.3,23.1,24.1
"Knowledge-intensive employment, %",26.2,25.4,14.3,37.5,27.6,74.3,67.2,34.0,32.0,9.8,63.1,77.2,6.1,25.6,28.6,36.2,52.2,50.6,17.9,0.0,7.8,10.2,14.0,67.6,47.9,0.0,58.6,32.1,55.5,58.2,62.4,75.7,21.6,16.4,40.0,16.4,74.9,3.6,73.3,73.5,36.5,70.8,11.8,47.9,11.4,8.3,16.2,63.8,59.8,81.4,23.9,14.1,28.4,32.3,73.4,75.1,54.7,31.5,38.5,30.5,56.5,18.7,33.2,28.4,18.4,68.8,70.1,100.0,2.2,42.3,2.0,71.6,0.0,35.6,29.5,39.5,56.1,7.5,2.5,4.6,25.7,17.8,81.7,0.0,18.7,21.1,58.5,47.1,82.0,31.1,15.5,35.2,25.4,19.3,26.3,63.7,65.9,31.9,60.1,47.4,40.6,71.1,7.9,0.0,3.8,42.4,93.9,57.6,73.7,31.2,54.2,35.6,88.7,79.3,0.0,20.8,19.2,44.9,35.5,22.1,7.1,57.6,64.3,78.7,1.7,72.5,35.5,0.0,13.6,16.4,12.9,8.4
"Firms offering formal training, %",55.0,0.0,0.0,46.8,29.5,0.0,50.1,38.2,0.0,21.8,34.9,70.8,19.2,43.7,0.0,0.0,0.0,19.2,0.0,35.6,40.4,22.2,43.3,0.0,0.0,100.0,77.9,0.0,27.7,46.1,51.4,47.3,23.9,92.5,2.7,65.3,47.5,20.3,60.4,84.6,35.6,0.0,46.7,21.4,67.9,13.8,57.0,0.0,31.9,0.0,40.9,2.5,0.0,22.2,73.5,17.3,9.1,0.0,0.0,15.0,21.7,43.0,0.0,48.4,25.2,64.1,29.5,82.1,9.3,17.2,16.1,60.0,63.9,0.0,0.0,82.3,13.5,40.6,20.2,0.0,26.6,35.5,65.8,0.0,70.1,29.5,33.8,45.2,0.0,0.0,35.6,0.0,55.3,81.9,73.5,21.6,31.5,0.0,0.0,43.9,19.9,8.1,40.9,0.0,15.7,44.2,0.0,51.0,52.0,2.7,67.3,17.1,76.4,0.0,25.1,16.5,37.9,0.0,33.8,18.0,39.3,25.1,0.0,0.0,33.8,0.0,64.7,15.0,22.2,11.5,41.9,28.0
"GERD performed by business, % GDP",0.0,0.7,0.0,3.4,0.0,18.7,45.2,0.1,0.4,0.0,8.5,51.6,0.0,1.4,1.9,0.0,0.0,11.8,0.0,0.4,0.0,0.3,0.0,17.6,2.3,37.5,3.0,2.9,12.2,7.5,24.7,37.5,0.0,3.8,0.6,1.1,20.1,0.1,40.1,31.8,0.0,43.0,0.0,14.1,0.1,0.0,0.0,7.9,25.0,34.2,4.9,0.3,4.2,0.0,18.5,100.0,19.0,0.0,52.5,0.0,1.0,0.0,0.0,0.6,0.0,4.5,11.2,12.3,0.0,9.3,0.0,8.8,0.0,0.4,1.3,0.2,3.9,0.0,0.0,0.0,0.8,0.0,31.5,17.1,0.0,0.0,0.0,2.0,25.2,1.4,0.0,0.0,0.0,0.0,1.2,17.9,18.8,1.3,77.6,0.9,5.6,12.7,0.9,0.0,0.0,7.1,23.5,10.0,32.1,6.9,15.9,1.0,52.0,43.3,0.0,16.3,0.0,0.2,14.4,2.5,0.1,5.6,16.1,25.5,0.0,52.9,2.0,1.1,7.8,0.0,0.0,0.0
"GERD financed by business, %",0.0,8.3,0.0,32.7,20.6,0.0,62.0,38.1,26.9,0.0,55.6,79.5,0.0,44.7,21.9,53.8,0.0,46.5,0.0,10.9,0.0,24.1,0.0,51.8,38.4,95.8,66.1,2.9,46.5,45.0,44.0,73.7,0.0,0.3,4.9,39.0,60.8,1.9,67.2,70.2,2.1,79.8,0.0,49.7,13.7,0.0,12.9,60.9,65.4,47.8,45.5,9.9,0.0,2.3,77.7,47.1,69.2,0.0,96.9,0.0,58.7,0.0,1.2,8.6,0.0,30.1,42.1,63.5,0.0,47.3,1.0,72.6,0.0,5.1,22.0,10.0,46.8,0.0,0.6,0.0,13.7,0.0,71.3,61.8,0.0,0.0,0.0,29.2,53.5,39.3,0.0,1.9,0.3,0.0,47.0,62.7,64.6,11.4,94.7,19.2,67.5,36.1,0.8,0.0,2.6,2.6,68.4,54.1,76.1,51.3,60.7,49.8,77.2,80.0,2.0,100.0,0.0,16.8,70.8,23.4,4.2,37.7,91.9,66.3,0.0,82.0,5.7,52.5,79.3,0.0,0.0,0.0
"Females employed w/advanced degrees, %",42.5,26.5,5.0,53.9,54.6,94.2,62.0,44.4,0.0,3.9,67.6,92.8,3.8,35.1,54.2,47.5,39.7,66.4,2.4,0.5,3.5,7.0,6.3,64.3,40.3,0.0,49.2,38.4,58.0,87.5,45.5,81.2,31.4,28.7,21.0,13.8,90.5,0.7,87.4,81.9,59.6,49.1,9.4,65.0,8.7,7.1,15.7,52.0,60.3,83.2,8.4,21.7,24.9,23.5,95.8,100.0,45.5,13.4,75.8,25.6,68.4,5.2,0.0,38.6,12.3,89.4,96.4,86.6,6.1,48.4,1.3,56.8,3.1,30.3,33.5,79.2,60.0,0.0,2.2,23.7,24.2,9.4,73.4,71.1,19.9,1.9,19.0,52.2,90.0,2.7,5.3,38.5,31.3,37.0,43.3,73.7,69.6,17.3,68.5,50.7,41.6,87.6,10.6,0.0,2.9,49.9,92.8,60.7,84.7,33.0,81.2,11.4,91.4,68.9,0.0,34.6,2.7,42.2,36.3,28.9,0.0,99.8,28.4,79.8,0.9,92.6,34.0,45.1,23.8,3.2,14.6,36.0
Innovation linkages,21.4,17.4,12.1,18.4,17.2,48.0,57.5,24.9,29.3,19.1,6.8,55.9,19.3,15.3,25.4,24.7,22.9,35.3,16.5,19.9,21.2,20.9,21.3,59.8,21.3,36.8,21.2,21.2,24.7,41.0,45.4,53.1,22.1,15.3,24.3,13.7,37.7,17.9,66.4,41.8,22.8,52.2,25.7,25.1,17.6,29.7,16.0,44.1,29.0,59.8,28.7,27.4,18.1,0.3,45.5,78.4,39.9,28.5,47.7,32.2,14.3,25.4,21.6,13.7,24.5,31.9,33.8,50.1,18.7,31.2,23.4,47.0,17.9,20.6,19.9,15.4,20.7,20.5,21.1,11.4,20.6,18.6,53.7,37.8,14.9,1.4,18.3,17.1,47.9,26.2,24.6,19.7,19.1,19.4,20.5,23.0,30.6,28.0,47.9,16.3,20.1,22.1,26.9,33.9,18.9,22.0,54.3,22.3,36.8,26.1,29.6,23.4,68.3,64.3,16.1,23.4,2.8,18.6,21.5,16.5,20.7,21.3,47.9,52.0,26.4,66.0,20.7,24.7,26.8,14.3,22.1,19.6
University-industry R&D collaborationÜ,50.5,37.1,18.7,38.0,35.7,53.8,62.4,59.8,39.0,29.4,0.0,68.8,37.1,29.1,49.2,40.4,51.0,50.3,30.2,38.6,38.5,39.1,41.4,67.9,41.4,70.1,46.7,45.3,33.2,44.2,59.1,65.4,37.2,34.5,47.0,29.8,50.0,39.6,67.0,49.8,45.6,64.9,44.8,32.0,39.7,46.9,32.1,62.9,45.6,56.8,50.7,66.4,27.7,0.0,69.3,77.6,58.2,44.8,59.1,52.8,29.6,45.3,40.9,24.4,44.5,46.9,53.7,62.1,32.3,53.6,39.7,43.0,50.7,36.6,39.1,31.5,42.8,36.2,34.0,20.8,39.5,31.5,70.1,55.5,22.4,0.0,26.2,33.7,61.7,51.5,55.0,35.7,26.8,32.7,44.4,37.1,55.5,66.8,65.7,35.4,39.5,46.5,34.6,53.8,43.0,41.5,68.8,37.5,50.3,49.3,43.6,49.0,67.4,77.6,38.3,52.7,0.0,33.6,43.1,33.8,43.1,41.5,63.1,61.4,50.6,79.6,42.7,56.0,58.2,20.7,38.3,29.0
State of cluster development and depthÜ,28.9,48.3,28.1,40.4,42.8,55.1,66.9,60.3,56.1,43.0,0.0,63.7,34.5,39.8,48.4,49.8,48.4,54.0,28.7,41.0,44.1,48.4,41.4,63.0,45.5,72.6,50.3,52.5,32.6,51.5,48.2,60.3,49.0,37.6,69.9,34.8,48.7,37.7,61.2,57.7,50.2,68.5,52.8,34.7,47.6,42.2,42.4,66.1,48.9,51.7,42.4,68.4,44.4,0.0,58.8,56.1,70.2,46.5,64.4,61.2,33.9,49.2,54.4,40.6,50.1,48.4,44.0,61.9,39.0,59.1,44.5,49.0,34.7,48.9,54.9,37.4,41.7,42.5,35.0,31.8,42.5,37.3,68.5,48.7,30.8,0.0,42.5,41.7,64.6,62.5,56.1,46.5,40.5,42.8,46.6,45.9,53.1,54.8,62.8,35.5,46.5,49.1,44.7,65.7,39.8,43.3,67.6,44.6,47.7,45.6,59.0,49.6,64.9,71.9,36.4,50.5,0.0,42.3,48.9,39.5,43.3,39.9,69.9,59.4,52.0,78.5,45.6,59.9,65.1,33.1,44.2,31.4
"GERD financed by abroad, % GDP",0.0,0.0,0.0,8.2,1.8,0.0,91.2,0.0,2.2,0.0,13.7,80.2,0.0,2.7,20.1,0.0,0.1,55.2,5.1,0.0,0.0,7.1,0.0,26.6,3.2,1.5,2.6,1.4,45.9,28.1,100.0,28.1,0.0,1.9,0.6,1.6,37.5,9.1,74.9,30.6,5.0,40.5,0.0,37.3,0.0,0.0,0.2,5.5,33.4,100.0,0.0,0.0,0.0,0.0,28.2,100.0,24.2,0.0,3.0,0.0,0.5,0.0,0.0,0.8,0.0,42.5,52.5,7.9,0.0,9.8,25.3,8.6,0.0,0.6,0.7,0.6,6.8,0.0,21.6,1.2,9.6,0.0,39.2,22.1,0.0,0.0,0.0,3.6,30.6,0.6,0.5,8.8,3.5,0.0,0.5,16.1,18.2,0.5,2.0,2.1,8.8,3.3,37.8,0.0,7.9,15.0,16.7,22.5,47.0,14.6,17.7,1.6,51.7,32.6,0.0,1.2,2.5,3.5,3.8,4.3,13.0,17.7,0.0,42.7,0.0,42.8,5.0,0.1,4.1,0.0,0.0,0.0
Joint venture/strategic alliance deals/bn PPP$ GDP,6.1,1.4,1.5,3.3,3.2,58.1,11.7,2.2,48.1,3.8,3.0,21.0,5.7,4.9,9.2,4.7,14.0,10.5,2.0,0.0,1.9,10.0,1.9,100.0,9.4,6.7,4.3,4.1,8.9,57.4,5.1,47.3,1.2,1.9,3.5,1.8,34.8,2.9,56.8,20.3,11.1,19.3,5.3,10.2,0.8,0.0,5.3,65.0,6.0,54.2,15.8,2.2,0.0,0.7,29.6,90.9,10.9,22.7,12.1,13.3,3.4,6.9,11.4,2.9,2.9,11.1,9.2,57.2,3.5,28.5,7.6,100.0,4.0,8.3,3.1,7.8,12.0,2.2,14.1,3.1,11.3,5.0,28.4,32.5,6.4,2.9,4.3,2.8,44.2,16.4,10.8,3.5,0.0,1.3,10.4,5.6,9.4,17.1,15.0,5.5,3.6,5.9,17.2,7.5,3.0,5.2,71.5,2.5,12.1,14.3,11.3,16.2,81.3,58.5,5.8,9.4,5.7,12.4,2.1,4.3,3.3,1.8,55.2,56.3,3.3,75.5,6.6,6.8,5.3,3.4,6.0,17.8
Patent families/bn PPP$ GDP,0.0,0.1,0.0,2.0,2.7,24.8,55.5,1.9,0.9,0.1,3.7,46.0,0.0,0.0,0.0,3.9,1.3,6.3,0.0,0.0,0.3,0.0,0.4,41.6,7.2,33.1,2.0,2.7,2.9,23.9,14.6,64.5,0.9,0.5,0.4,0.6,17.6,0.0,72.0,50.5,1.9,67.7,0.0,11.3,0.0,0.0,0.0,21.0,11.1,36.1,5.8,0.1,0.5,0.1,41.5,67.3,36.1,0.0,100.0,1.4,4.0,0.2,1.1,0.0,0.6,10.4,9.8,61.4,0.0,5.1,0.0,34.2,0.0,8.8,1.6,0.0,0.0,1.3,0.9,0.0,0.0,0.7,62.3,30.0,0.0,0.0,0.0,3.9,38.4,0.3,0.5,3.8,5.4,0.7,0.5,10.3,16.9,0.8,93.8,3.0,2.2,5.8,0.0,8.7,0.7,4.8,46.9,4.5,26.7,6.5,16.3,0.5,76.2,81.1,0.0,3.0,0.0,0.9,9.5,0.6,0.7,5.5,3.1,39.9,0.0,53.8,3.7,0.4,1.0,0.0,0.0,0.0
Knowledge absorption,28.7,17.8,18.0,40.3,20.1,35.5,43.7,19.0,16.9,18.7,24.6,39.7,27.6,19.2,25.8,43.3,28.6,34.9,23.4,21.2,26.9,19.1,21.5,46.9,36.0,53.0,34.7,46.9,33.2,56.9,47.7,46.6,22.9,26.1,23.2,28.5,48.5,27.1,52.7,49.3,26.5,45.4,20.9,27.5,30.4,18.7,33.2,49.8,55.3,42.8,39.2,29.1,18.6,14.3,52.1,36.0,38.5,29.9,60.7,19.9,25.2,26.3,23.3,20.5,16.9,29.4,28.7,66.0,26.9,44.7,29.1,61.2,17.3,26.3,34.3,28.5,31.9,21.2,24.1,23.8,20.0,27.4,51.9,43.8,19.9,40.2,23.6,35.0,45.3,19.8,28.6,21.4,27.9,30.8,51.9,40.8,35.2,32.9,50.9,25.6,38.9,40.9,18.0,28.1,24.6,31.4,73.3,31.0,38.0,31.8,38.9,31.1,64.0,49.7,17.0,45.5,20.6,16.9,37.9,18.1,17.2,30.6,46.6,40.6,18.5,52.5,36.7,22.8,38.7,22.6,18.6,23.8
"Intellectual property payments, % total trade",15.7,8.7,15.5,57.2,0.0,28.4,19.1,0.0,0.0,2.5,11.6,20.4,0.0,3.2,38.9,45.9,6.1,14.2,0.3,0.3,1.5,2.9,0.9,57.0,51.6,35.1,29.9,75.3,26.6,32.6,20.3,20.5,5.2,15.2,11.9,24.6,6.8,1.9,25.6,37.3,11.6,23.6,15.8,10.9,34.4,0.8,23.3,7.3,27.9,24.7,34.1,20.8,3.8,0.3,100.0,20.3,19.9,20.9,71.9,3.6,6.9,25.3,0.0,3.4,0.0,5.7,4.4,98.8,9.3,24.9,0.0,100.0,1.4,6.2,1.7,6.7,4.7,8.3,0.3,7.1,0.8,0.0,100.0,40.0,0.5,0.0,9.1,51.2,12.1,0.0,10.6,4.0,3.6,16.7,17.6,28.3,21.9,0.0,39.0,13.8,22.0,41.7,0.1,0.0,3.1,27.5,71.1,18.0,15.1,39.9,34.0,0.0,72.0,100.0,0.0,43.5,1.0,12.7,22.2,2.1,4.8,21.2,18.1,45.5,1.3,38.9,23.4,10.4,5.7,38.1,6.1,5.1
"High-tech imports, % total trade",9.3,24.7,6.0,30.5,23.5,35.5,21.2,15.9,11.3,22.1,15.9,22.9,10.4,16.0,21.6,39.1,12.1,21.2,8.4,30.4,14.4,5.0,15.4,31.6,25.5,85.0,47.8,31.2,22.0,7.8,74.3,16.8,23.4,28.5,18.9,28.7,24.6,29.5,20.1,28.5,18.1,29.7,4.2,18.8,31.6,2.9,20.5,100.0,47.7,17.9,30.6,30.5,11.8,0.0,16.0,30.9,23.6,14.5,45.1,22.6,28.6,26.1,19.1,21.9,8.3,36.6,23.4,0.0,14.0,93.4,18.8,15.6,0.6,17.4,60.2,9.4,24.0,21.5,14.1,21.0,19.5,32.1,40.3,29.7,20.0,64.8,27.5,16.9,21.9,13.2,35.5,20.5,60.0,28.5,97.6,29.2,26.3,19.7,56.5,24.4,31.3,27.6,22.8,24.1,15.8,18.6,78.4,36.2,18.1,27.1,21.7,19.7,23.5,14.5,14.2,56.5,17.9,16.4,25.8,26.1,19.4,26.4,41.3,31.3,19.5,59.3,19.2,25.3,100.0,2.4,13.6,25.4
"ICT services imports, % total trade",30.5,8.7,14.1,52.4,9.5,27.8,64.3,10.5,6.4,3.6,21.5,51.3,52.1,12.6,20.8,47.6,43.8,27.7,37.5,28.4,44.2,12.1,20.8,25.0,17.6,25.6,41.5,28.0,35.9,100.0,30.2,78.5,11.8,13.4,27.8,12.1,100.0,51.0,100.0,55.5,19.6,49.5,10.3,25.2,34.7,23.2,37.0,5.5,29.5,80.0,41.0,36.6,8.0,14.4,23.9,37.5,43.0,31.9,48.3,4.6,16.1,6.2,5.5,10.6,3.9,29.9,25.4,85.2,32.5,37.0,38.0,25.3,15.1,52.0,1.4,24.8,53.4,19.1,31.1,17.2,27.3,4.1,33.1,57.7,6.3,43.6,11.7,22.1,84.1,11.3,21.8,9.3,0.0,28.5,31.3,33.6,26.3,82.9,12.6,32.4,58.2,31.4,10.8,13.9,25.6,39.8,58.4,23.3,32.6,22.1,41.8,33.3,86.5,64.2,4.4,6.4,11.7,10.8,14.4,7.4,6.5,22.0,25.8,29.9,5.0,28.6,91.5,12.5,1.8,7.0,7.7,15.7
"FDI net inflows, % GDP",59.5,46.7,36.4,48.2,47.3,50.6,36.9,49.8,49.6,46.4,49.4,34.9,47.7,49.7,47.0,51.7,52.3,51.4,47.4,45.4,47.3,70.5,49.1,49.5,51.8,48.0,51.8,53.0,51.8,100.0,51.6,46.4,51.1,47.3,50.1,48.6,61.1,50.8,45.9,48.6,56.7,50.6,53.2,49.0,47.6,48.0,52.0,93.0,100.0,39.4,48.8,48.9,46.5,41.9,53.6,55.3,46.8,52.1,46.8,48.7,49.2,47.6,45.1,45.9,55.5,49.7,55.6,96.5,51.8,49.0,50.6,100.0,52.1,50.8,50.4,73.2,62.3,49.0,75.3,49.9,44.5,45.9,0.0,48.0,52.6,52.6,46.0,51.2,46.3,54.8,46.6,51.9,47.8,49.6,49.6,50.7,51.2,42.5,46.4,50.3,49.9,47.1,49.8,46.4,54.1,59.5,95.0,47.7,50.0,47.5,50.5,47.3,50.4,11.1,49.4,46.8,51.9,43.6,47.7,48.8,50.9,50.1,52.9,45.5,48.2,47.4,48.8,50.2,56.6,42.7,47.1,49.0
"Research talent, % in businesses",0.0,0.2,0.0,13.4,0.0,0.0,76.8,0.0,0.1,0.0,0.0,69.3,0.0,14.3,0.9,32.3,0.0,60.1,0.0,1.5,0.0,4.9,0.0,71.2,33.6,71.4,2.8,0.0,29.9,44.2,62.1,71.0,0.0,0.0,7.4,0.0,50.3,2.3,72.1,76.8,0.0,73.5,0.0,33.5,4.0,0.0,0.0,43.3,71.4,52.0,41.4,8.8,23.2,0.6,67.0,0.0,59.1,0.0,91.3,0.0,0.0,0.0,0.0,0.0,0.0,25.1,34.6,49.3,0.0,19.1,38.2,65.0,0.0,5.0,57.6,0.0,15.1,8.2,0.0,0.0,8.2,0.0,86.1,43.4,0.0,0.0,0.0,33.8,62.2,0.0,0.0,0.0,0.0,0.0,63.2,62.0,50.3,19.4,100.0,7.2,33.0,56.7,6.5,0.0,0.0,11.7,63.6,29.8,74.1,22.4,46.3,24.2,87.8,58.9,0.0,74.2,0.0,1.3,79.3,6.1,4.5,33.1,95.1,50.9,0.0,88.3,0.5,15.4,29.1,0.0,0.0,0.0
Knowledge and technology outputs,12.6,7.7,2.4,19.0,19.6,32.2,43.5,8.6,19.4,12.7,31.4,44.4,3.0,22.3,14.5,24.9,4.2,35.4,9.6,3.8,11.0,11.9,12.4,39.3,25.1,56.8,20.5,23.1,29.0,41.9,44.7,51.9,13.0,11.3,18.2,10.3,41.2,15.3,59.6,45.5,19.1,54.8,11.3,28.3,13.7,2.1,10.1,23.1,39.7,39.7,33.8,18.9,26.7,5.5,47.0,55.8,45.2,14.1,52.6,19.0,17.8,19.2,20.1,13.0,7.2,29.4,27.3,34.0,9.3,31.5,10.8,34.7,1.6,15.9,24.3,14.7,19.4,22.0,7.3,12.0,9.5,7.6,57.9,36.0,7.3,10.2,6.8,24.6,39.3,12.7,19.7,14.6,11.0,13.7,30.8,31.8,33.3,19.7,54.7,26.8,34.8,26.6,9.8,21.0,12.4,30.3,49.3,36.1,38.5,24.7,38.1,21.0,62.9,67.1,14.9,30.0,5.3,14.5,27.4,25.3,11.0,32.9,23.3,55.7,9.4,60.8,22.4,17.9,26.0,6.2,8.6,12.3
Knowledge creation,3.0,6.8,0.3,13.6,13.0,40.6,48.8,4.6,3.7,7.1,13.9,49.7,4.5,9.9,6.8,20.0,6.0,26.0,4.5,5.8,2.1,3.0,7.2,45.7,15.3,69.5,8.9,5.3,18.7,34.5,35.4,63.3,0.9,6.8,12.9,1.1,26.7,15.2,68.7,44.9,13.8,68.3,5.8,22.8,1.6,1.3,1.0,22.9,20.2,44.7,20.3,6.9,42.5,11.1,23.1,59.9,41.9,5.8,62.1,16.8,12.3,12.7,5.5,8.9,1.8,16.8,18.2,44.6,4.4,12.3,3.2,26.0,0.7,5.7,10.1,27.2,13.9,11.6,6.3,2.7,7.7,9.9,68.6,37.7,1.5,2.4,6.0,9.8,46.1,7.1,17.0,4.6,2.1,9.8,11.4,24.4,29.4,8.6,67.0,27.1,11.0,30.2,7.5,18.7,4.5,20.6,38.8,22.6,39.6,17.6,37.4,7.4,81.5,86.7,17.2,20.4,3.1,3.4,24.6,23.2,8.0,30.4,6.2,61.9,4.6,69.6,11.2,9.1,8.6,8.7,5.6,8.7
Patents by origin/bn PPP$ GDP,1.1,2.5,0.1,7.7,12.8,13.8,69.5,5.7,1.0,0.4,17.2,42.7,0.6,7.8,0.6,13.0,1.4,13.8,1.5,1.7,0.9,0.1,3.3,18.6,6.3,100.0,3.9,0.9,9.5,14.6,15.6,82.5,0.4,1.3,5.9,0.6,12.3,0.2,98.1,60.1,11.4,100.0,0.5,13.5,0.4,0.8,0.0,7.4,12.8,32.3,20.0,3.1,78.8,12.3,16.9,33.5,46.2,2.8,100.0,2.6,13.8,10.8,0.5,16.6,0.1,15.7,10.4,54.9,1.1,8.5,0.7,24.1,0.3,1.8,3.6,12.9,3.2,7.0,5.0,0.0,2.7,1.6,66.2,12.5,0.3,2.0,3.0,10.7,33.4,1.8,2.4,1.5,1.2,2.4,4.0,26.9,21.1,2.6,100.0,19.3,11.5,45.8,1.8,10.2,1.9,8.5,24.6,11.3,34.0,5.3,13.8,9.4,84.8,100.0,0.9,5.3,2.1,0.2,25.9,11.0,1.1,19.4,0.8,46.3,0.1,100.0,2.3,10.4,7.5,7.8,2.0,1.6
PCT patents by origin/bn PPP$ GDP,0.0,0.3,0.1,0.0,1.8,24.8,59.4,0.4,1.3,0.0,2.0,42.7,0.0,4.9,1.4,3.6,0.0,4.9,0.0,0.0,0.0,0.5,0.8,25.8,6.3,51.1,2.4,0.9,6.2,28.4,12.0,82.7,0.1,1.6,0.8,0.0,20.3,0.0,100.0,44.2,5.8,71.1,0.1,5.4,0.2,0.0,0.3,0.0,6.3,27.2,4.1,0.1,6.1,0.0,29.7,100.0,26.4,0.0,100.0,4.3,1.2,0.7,0.7,0.0,0.0,11.9,7.9,83.0,0.4,2.8,0.4,38.0,0.0,0.0,1.2,0.5,4.5,4.1,0.0,0.0,7.9,0.0,75.9,31.6,0.0,0.0,0.1,3.2,38.0,1.6,0.0,1.8,0.0,1.7,1.0,5.4,13.2,2.0,100.0,1.1,0.8,4.9,0.0,9.4,0.9,3.0,52.2,4.0,21.0,5.3,15.8,2.4,100.0,100.0,0.0,2.2,0.0,1.1,12.7,2.3,0.7,4.5,3.5,35.4,0.0,51.6,0.0,0.2,0.6,0.0,0.0,0.5
Utility models by origin/bn PPP$ GDP,1.1,0.0,0.8,4.2,13.6,16.2,13.4,4.8,0.0,0.0,31.6,0.0,0.0,0.0,8.0,18.7,0.0,72.8,1.9,7.4,0.3,0.0,0.9,0.0,6.7,100.0,5.8,1.7,3.4,0.0,65.6,6.8,1.4,5.3,0.0,1.6,16.3,28.3,24.1,5.7,21.5,44.0,0.3,0.7,1.8,0.0,0.0,22.8,14.9,0.0,0.0,15.0,0.0,0.0,5.4,0.0,20.1,0.0,18.5,0.0,36.5,19.6,0.0,13.1,0.4,0.0,0.0,0.0,0.0,3.0,0.0,0.0,0.0,0.0,5.9,100.0,0.0,0.0,2.2,0.0,4.7,0.0,0.0,0.0,0.0,0.0,0.0,0.0,0.0,0.0,0.0,0.8,1.4,22.6,34.1,13.7,3.6,0.0,44.5,100.0,2.4,48.4,4.7,0.0,0.8,13.8,0.0,42.7,0.0,0.0,40.9,0.0,0.0,0.0,79.8,58.4,0.0,0.6,31.5,0.0,4.0,100.0,0.1,0.0,0.1,0.0,7.1,28.9,8.4,0.4,0.0,5.2
Scientific and technical articles/bn PPP$ GDP,10.6,14.5,0.0,14.7,27.1,79.3,57.4,6.9,8.5,8.7,9.0,59.7,18.1,22.2,19.2,26.4,19.5,22.9,14.3,13.6,4.2,6.6,24.1,58.0,32.9,32.4,13.7,13.2,57.3,82.7,53.2,93.3,1.0,17.1,27.1,1.6,66.5,23.7,78.8,35.8,20.3,38.9,19.8,60.6,2.1,3.9,3.2,0.0,37.4,100.0,15.2,2.1,62.9,14.6,28.7,59.6,47.9,10.3,24.5,50.1,4.8,16.8,11.8,11.7,5.2,30.2,41.4,29.0,12.3,25.1,7.5,34.8,3.1,12.0,10.5,18.6,46.3,24.2,19.7,2.7,19.0,20.7,62.6,71.6,2.9,7.0,8.1,19.1,70.8,17.3,30.4,7.2,2.8,7.6,2.9,39.5,75.8,18.5,44.5,9.7,21.2,14.0,27.4,29.5,12.9,61.9,39.2,37.8,84.8,28.8,54.8,7.2,82.0,80.7,5.0,15.1,12.6,11.1,23.4,68.3,24.4,11.8,13.6,65.7,13.3,26.9,25.1,2.8,13.3,23.8,14.3,29.4
Citable documents H-index,2.1,9.8,0.4,27.8,9.9,69.0,44.2,5.3,4.0,12.2,9.8,53.8,4.0,4.7,4.7,38.6,3.3,15.4,4.6,0.3,5.1,4.7,7.1,80.3,24.2,64.1,18.5,9.9,17.3,12.3,30.4,51.3,1.9,8.9,18.0,1.6,17.9,8.6,42.6,78.6,10.2,87.4,8.5,33.8,3.6,1.7,1.6,38.4,29.6,19.3,41.9,14.1,22.1,6.3,34.9,46.5,68.7,4.3,67.7,10.2,5.3,15.7,8.8,3.2,3.4,9.2,13.0,11.7,3.8,22.0,4.5,6.9,0.0,3.3,29.3,4.0,1.8,11.0,4.8,2.7,4.2,7.5,69.8,35.2,3.0,2.8,12.7,6.2,42.1,7.6,18.3,11.6,3.2,14.4,14.8,36.8,33.1,11.3,45.9,5.1,18.9,37.7,3.4,25.8,5.8,15.5,39.0,17.0,18.8,31.2,61.7,10.6,59.5,65.9,0.5,20.9,0.8,4.0,29.3,11.2,9.6,16.5,13.2,100.0,9.3,100.0,10.4,3.4,13.2,2.9,6.1,6.9
Knowledge impact,20.3,11.5,3.6,21.2,20.2,35.6,34.9,15.7,28.8,22.9,41.8,38.0,3.1,28.1,28.7,30.8,4.5,43.1,16.5,3.9,20.4,18.3,23.7,33.5,42.3,52.8,32.5,25.0,33.0,38.9,48.0,44.5,19.1,21.1,25.7,4.9,55.5,21.6,40.3,41.3,26.1,40.2,16.0,37.7,15.6,2.0,14.3,43.1,48.4,30.3,30.4,27.7,27.9,4.6,44.4,40.2,52.8,20.4,30.5,24.0,20.3,21.6,21.4,15.1,2.3,33.0,29.7,33.0,11.4,36.1,13.4,38.2,0.9,24.8,26.1,11.1,32.5,31.7,11.8,21.8,7.5,4.1,39.7,36.8,8.2,16.7,12.1,36.8,41.5,14.3,23.4,12.0,16.9,22.5,29.6,33.5,39.5,32.1,42.1,28.0,48.6,26.1,16.7,19.0,22.0,34.5,50.0,48.2,37.6,36.3,39.8,22.6,43.7,51.3,20.6,32.1,4.8,20.4,34.9,26.6,16.5,32.8,27.1,50.8,17.1,55.0,28.4,33.9,34.8,1.0,12.6,21.0
"Labor productivity growth, %",57.1,49.5,7.7,33.1,69.9,49.5,44.4,49.1,74.1,90.6,65.0,45.8,0.0,50.5,29.2,52.8,0.0,61.8,61.0,0.0,73.3,66.3,56.6,49.8,73.7,100.0,76.7,58.1,52.6,49.5,58.3,51.6,66.2,35.3,75.7,0.0,74.6,89.1,48.2,47.4,70.3,46.6,61.5,45.7,55.5,0.0,0.0,60.3,63.5,53.0,75.2,58.6,52.7,9.9,43.3,66.7,45.2,32.9,39.4,52.1,64.8,69.5,26.4,60.1,0.0,70.3,74.4,39.9,39.2,54.4,49.4,46.2,0.0,57.5,36.0,0.0,0.0,63.2,40.7,61.6,15.4,0.0,46.2,53.2,0.0,60.9,33.6,47.4,51.8,27.2,57.1,0.0,49.9,49.6,64.5,70.8,44.0,47.2,59.8,70.8,92.2,63.0,61.6,14.5,58.5,66.0,70.9,54.9,57.5,60.2,38.6,57.9,52.3,53.9,94.3,56.3,0.0,36.7,75.8,44.9,58.7,69.1,52.0,48.9,75.8,59.1,55.5,85.5,93.0,0.0,43.4,39.9
New businesses/th pop. 15ñ64,6.1,1.3,0.0,0.7,11.7,58.9,2.0,5.2,12.7,0.0,4.5,19.2,2.3,4.0,74.3,11.2,4.0,5.7,1.2,0.0,3.1,2.1,0.0,0.7,50.0,35.4,8.0,14.8,18.2,54.8,15.5,41.3,6.0,0.0,0.8,1.6,100.0,1.9,24.2,21.6,30.8,5.5,3.4,7.1,2.3,1.7,0.0,79.4,16.4,43.0,0.5,1.2,2.4,0.2,27.9,12.5,12.1,8.0,1.7,1.6,14.3,6.2,13.4,5.1,0.5,28.3,12.1,71.0,0.4,8.7,0.9,41.5,1.4,29.0,3.1,24.3,32.7,9.1,0.8,1.4,2.2,5.5,12.7,73.9,0.0,0.2,3.5,14.1,38.9,6.1,0.4,17.3,0.0,15.6,0.7,6.6,22.4,25.8,0.0,0.0,25.6,9.2,8.8,2.5,1.8,8.1,41.2,21.1,9.9,51.6,10.2,2.9,37.0,19.0,0.5,5.2,3.7,18.6,7.2,8.1,3.4,6.8,9.3,74.8,0.6,0.0,9.3,11.1,6.7,0.0,4.3,10.1
"Software spending, % GDP",10.3,0.6,0.0,22.2,11.7,22.2,48.5,6.0,29.6,15.4,3.7,53.4,4.6,7.8,10.6,26.4,0.0,20.4,2.4,6.4,1.4,2.5,12.7,62.3,41.0,29.6,16.6,26.7,5.0,16.1,25.3,49.3,1.8,19.6,19.1,4.7,13.6,0.0,42.9,49.6,6.9,45.0,0.7,55.2,1.3,3.7,20.9,31.9,24.5,28.1,21.2,34.2,30.2,0.0,58.9,20.7,54.6,37.5,22.4,23.6,1.2,13.8,32.8,8.2,0.0,10.3,6.9,15.8,2.2,29.2,2.1,30.7,0.0,16.4,16.5,12.3,37.5,19.7,2.2,0.0,11.1,1.6,50.5,23.3,5.6,2.1,10.7,13.3,49.3,4.8,27.3,17.5,4.4,21.4,20.6,24.2,56.0,29.3,19.5,9.3,23.5,26.6,4.2,27.3,18.4,3.6,23.4,25.7,8.2,32.0,57.4,32.9,49.7,62.9,6.6,22.2,7.4,0.0,42.0,25.4,1.0,54.1,25.3,51.4,0.5,100.0,19.5,0.0,25.1,3.4,2.6,21.6
ISO 9001 quality certificates/bn PPP$ GDP,24.1,2.2,0.9,16.5,2.1,15.4,19.1,4.2,16.0,1.1,97.0,12.9,2.3,59.2,0.7,14.3,6.6,97.2,1.3,1.6,3.8,2.4,1.9,6.2,16.2,34.5,36.0,8.3,57.8,54.3,60.8,16.2,2.5,16.1,3.6,8.3,49.3,0.0,27.0,18.5,9.3,28.1,1.3,57.6,3.3,0.5,7.8,13.1,57.7,13.0,9.5,5.4,3.3,0.3,13.8,56.0,100.0,3.0,15.7,13.8,1.9,4.5,7.4,0.7,1.7,37.2,33.5,5.3,4.0,28.2,0.9,25.1,0.3,17.4,7.9,4.0,47.3,10.0,3.5,1.6,4.1,1.7,23.1,12.5,3.1,0.5,0.5,47.0,18.5,11.8,5.0,4.8,13.2,10.3,11.3,21.2,35.0,8.7,14.1,6.3,44.0,2.3,0.6,3.2,3.0,63.0,14.7,57.3,57.8,11.1,43.0,10.8,14.7,30.8,0.0,18.5,3.2,5.8,8.4,23.0,2.9,7.3,14.6,22.7,1.0,2.2,39.2,3.6,10.3,0.5,0.7,11.2
"High-tech manufacturing, %",3.8,3.9,2.4,33.6,5.7,31.8,60.6,13.8,11.7,7.2,38.9,58.5,0.0,19.3,0.0,49.4,2.9,30.5,0.0,3.6,0.0,0.0,0.0,48.5,30.8,64.4,25.4,17.1,31.7,19.9,80.2,64.1,0.0,13.3,29.2,0.0,40.0,16.8,59.1,69.3,13.3,75.7,13.3,23.0,0.0,0.0,0.0,30.9,79.7,14.6,45.8,39.0,50.6,7.9,78.0,45.0,52.2,0.0,73.5,28.9,19.2,13.9,26.8,1.2,4.7,18.8,21.6,0.0,0.0,60.3,0.0,47.6,0.0,3.5,66.8,3.5,12.3,56.6,0.0,22.5,4.7,7.6,66.2,21.0,15.7,19.9,0.0,62.3,48.9,21.5,27.1,8.6,0.0,15.5,51.0,44.8,39.9,49.7,75.0,25.4,57.5,29.4,8.3,47.4,28.4,31.6,100.0,82.0,54.7,26.8,50.1,8.5,64.8,89.9,1.9,58.3,0.0,0.0,41.3,31.4,0.0,26.9,34.3,56.3,7.8,58.7,18.7,35.6,39.0,0.0,12.1,22.1
Knowledge diffusion,14.6,4.8,3.4,22.3,25.4,20.3,46.8,5.4,25.6,8.2,38.5,45.4,1.5,28.9,7.9,23.7,2.0,37.1,7.7,1.8,10.7,14.3,6.1,38.8,17.6,48.2,20.1,39.1,35.3,52.3,50.6,47.9,18.9,6.0,16.0,24.8,41.4,9.0,70.0,50.4,17.2,55.9,12.0,24.3,23.9,3.1,14.9,3.5,50.5,44.1,50.8,22.3,9.8,0.8,73.3,67.3,41.0,16.0,65.2,16.3,20.8,23.2,33.6,15.1,17.5,38.5,34.1,24.3,12.1,46.0,15.8,39.8,3.3,17.3,36.7,5.9,11.7,22.6,3.8,11.4,13.3,8.7,65.4,33.4,12.1,11.5,2.3,27.0,30.2,16.9,18.7,27.0,14.0,8.9,51.5,37.4,30.9,18.4,55.1,25.4,44.8,23.6,5.2,25.3,10.9,35.8,59.1,37.6,38.2,20.1,37.1,32.9,63.4,63.4,6.9,37.4,8.2,19.6,22.8,26.1,8.5,35.4,36.4,54.5,6.4,57.9,27.7,10.7,34.7,9.1,7.5,7.0
"Intellectual property receipts, % total trade",11.5,0.1,0.4,14.1,0.0,11.5,20.9,0.0,0.0,0.4,9.6,28.6,0.1,8.5,0.2,10.5,0.0,10.9,0.7,0.1,0.4,1.5,2.0,32.5,2.3,10.8,7.2,1.4,8.6,43.3,13.3,50.5,0.0,0.5,0.0,1.6,3.5,0.8,65.6,47.0,0.4,52.0,22.6,4.0,3.9,0.0,0.0,4.6,34.7,71.9,7.1,1.5,0.6,0.0,61.2,31.0,25.5,4.0,83.8,2.9,0.1,16.3,0.0,1.3,0.0,2.5,3.7,40.7,4.1,4.5,0.0,73.0,0.1,0.7,0.1,0.7,0.9,0.9,0.0,2.6,1.3,0.0,100.0,40.5,0.0,0.0,0.0,5.6,12.3,0.0,0.6,2.5,0.0,2.2,1.2,9.8,5.4,0.0,34.9,2.0,4.5,10.1,0.5,0.0,3.2,9.4,39.8,2.2,7.5,4.5,22.7,0.0,67.3,92.4,0.0,2.9,0.0,4.8,2.8,4.3,6.4,5.2,31.7,58.3,0.0,76.2,8.0,0.0,0.1,0.8,0.0,1.2
Production and export complexity,31.3,17.5,6.7,35.9,35.3,31.0,83.2,13.7,42.5,20.9,61.1,70.1,0.0,58.7,23.1,44.0,0.0,54.0,19.7,0.0,15.5,29.9,5.8,57.9,36.8,73.2,43.7,50.6,62.0,49.1,83.9,67.4,37.3,15.6,38.2,43.9,63.1,20.1,76.3,72.4,41.3,90.1,21.6,44.8,34.0,0.5,28.2,0.0,79.9,0.0,52.4,42.0,33.4,0.0,72.9,71.2,73.7,35.9,100.0,40.8,34.1,34.5,23.6,40.7,26.4,57.3,60.1,0.0,19.3,67.8,27.5,0.0,9.5,37.2,72.4,19.2,0.0,29.3,12.2,18.1,36.4,0.0,67.7,47.1,21.0,0.0,0.0,42.6,54.8,31.2,26.0,47.2,31.1,23.0,63.9,67.0,56.5,31.8,89.7,38.0,69.8,44.5,0.0,56.2,22.8,59.2,88.5,75.6,80.0,42.3,60.6,35.9,82.7,91.7,24.3,68.5,19.2,44.7,56.0,50.0,20.8,48.6,31.4,78.0,18.1,78.4,41.9,30.3,42.8,15.2,24.8,20.2
"High-tech exports, % total trade",2.5,0.3,6.0,16.9,12.9,28.5,54.5,4.9,12.2,5.3,29.9,57.6,1.4,32.6,6.1,32.5,5.4,48.5,1.9,0.0,18.5,22.9,4.7,50.9,26.9,90.7,24.0,49.4,42.6,16.6,82.9,49.3,34.6,5.6,12.2,34.1,62.8,7.5,44.1,64.6,16.2,65.5,0.8,36.0,26.9,0.3,3.0,2.5,71.4,27.5,43.4,40.3,3.8,0.0,59.3,67.1,53.0,4.4,68.2,21.2,46.9,12.6,6.5,15.4,40.5,59.8,52.8,10.3,3.5,100.0,4.8,42.7,0.8,9.9,74.5,0.8,9.9,28.7,0.7,22.5,13.6,1.4,68.0,32.0,4.0,7.9,7.3,35.1,38.4,15.0,16.4,46.3,10.1,8.4,95.8,51.5,40.7,17.4,87.7,14.2,53.8,27.5,10.0,14.1,2.4,32.3,88.2,58.9,51.9,29.5,43.4,17.5,55.9,52.6,1.5,76.8,2.4,27.5,27.4,41.2,3.8,27.4,63.9,56.5,5.5,60.3,16.6,6.3,94.2,1.6,3.5,5.1
"ICT services exports, % total trade",13.1,1.5,0.4,22.3,53.5,10.1,28.4,3.0,22.0,6.2,53.5,25.3,3.0,15.6,2.1,7.7,0.7,35.2,8.5,5.3,8.2,2.7,11.9,14.0,4.3,18.0,5.6,55.1,28.0,100.0,22.4,24.4,3.8,2.5,13.8,19.8,36.0,7.5,93.8,17.6,11.0,15.8,2.8,12.2,30.7,8.6,13.5,3.3,16.1,32.9,100.0,5.3,1.2,1.7,100.0,100.0,11.7,19.9,8.8,0.5,2.0,29.3,70.6,3.1,3.2,34.3,20.0,22.0,21.5,11.5,30.9,3.7,2.9,21.4,0.0,3.0,24.4,31.5,2.1,2.6,1.9,16.1,26.0,14.1,23.6,26.6,2.0,24.7,15.2,4.3,31.7,12.1,0.9,2.2,45.3,21.5,21.1,24.4,8.2,47.5,51.0,12.3,5.0,5.5,15.0,42.4,20.1,13.7,13.6,4.2,21.6,45.2,47.8,17.0,1.7,1.3,11.3,1.4,5.1,9.0,3.0,60.5,18.7,25.1,2.0,16.5,44.3,6.3,1.7,18.6,1.8,1.7
Creative outputs,14.6,5.7,11.1,24.2,18.2,37.8,38.0,6.7,9.2,13.0,11.3,32.6,0.3,14.4,8.0,24.5,2.0,38.3,1.3,1.2,6.0,7.3,2.1,38.7,23.6,49.3,17.9,15.2,28.0,40.2,29.9,46.3,12.4,10.4,14.1,12.0,38.2,4.8,39.0,52.5,13.4,52.3,16.3,24.0,8.5,4.2,4.0,53.2,25.9,46.4,24.3,18.6,31.8,1.0,35.5,30.6,41.3,30.9,38.9,16.1,4.3,15.6,20.4,3.8,5.0,27.2,25.8,50.3,19.3,27.4,2.3,56.1,0.6,33.1,24.7,27.9,18.8,26.8,6.1,6.6,5.1,7.7,49.4,38.4,7.5,0.3,10.1,10.9,34.6,15.4,19.3,20.1,18.1,19.5,20.5,29.8,38.1,20.4,55.1,27.0,20.7,25.3,1.9,19.5,5.3,17.1,38.5,18.9,23.3,19.5,36.8,18.9,50.7,56.3,4.5,25.2,5.4,4.5,41.5,20.4,2.2,19.8,26.4,55.9,10.9,48.4,13.5,7.7,30.8,10.4,5.7,12.3
Intangible assets,9.2,10.5,7.0,36.9,23.3,43.3,43.8,10.0,13.5,24.5,7.6,36.0,0.4,20.5,14.4,41.8,2.1,59.0,1.5,0.9,11.3,9.9,1.5,39.9,39.3,82.9,26.4,20.4,30.2,46.7,24.1,50.9,10.3,16.3,23.3,21.3,39.6,1.5,46.0,76.9,17.8,67.8,16.4,31.0,14.7,6.8,7.6,54.7,26.8,41.9,38.0,30.4,60.2,0.7,41.2,27.3,62.2,60.2,53.8,22.4,5.4,17.7,37.0,4.0,1.9,18.5,24.5,51.7,37.6,38.0,0.9,69.6,0.4,51.6,35.4,48.5,7.0,49.5,12.0,9.2,5.8,10.0,50.8,44.9,9.8,0.1,19.4,7.2,32.9,25.2,34.3,17.1,35.3,31.4,30.0,38.6,51.2,34.8,85.7,44.8,28.5,40.0,3.2,32.2,4.5,21.6,34.0,14.6,20.2,34.3,50.6,20.6,57.4,63.5,2.8,35.6,2.8,6.7,72.2,37.5,3.9,29.7,33.5,68.3,6.5,52.8,13.9,12.4,44.9,20.7,11.2,17.7
"Intangible asset intensity, top 15, %",0.0,0.0,0.0,83.8,0.0,81.8,77.0,0.0,46.2,82.2,0.0,82.8,0.0,52.9,43.9,84.8,0.0,84.0,0.0,0.0,34.1,0.0,0.0,84.0,66.9,89.5,60.1,0.0,66.6,71.7,0.0,94.3,0.0,0.0,69.8,0.0,60.9,0.0,84.1,99.2,0.0,90.3,0.0,68.2,0.0,0.0,0.0,0.0,70.2,74.6,87.0,87.2,0.0,0.0,96.0,82.9,90.4,74.3,83.8,64.6,0.0,44.9,65.5,0.0,0.0,17.6,52.3,74.3,0.0,81.0,0.0,88.8,0.0,64.4,85.0,0.0,0.0,79.6,0.0,0.0,0.0,0.0,99.6,79.1,0.0,0.0,64.3,14.6,78.7,55.3,77.0,30.0,0.0,72.8,76.2,83.2,72.3,62.6,78.6,0.0,68.3,73.4,0.0,79.5,0.0,57.6,65.6,0.0,11.5,78.5,79.9,57.4,95.2,91.8,0.0,77.3,0.0,0.0,85.3,64.7,0.0,0.0,78.7,98.7,0.0,100.0,0.0,0.0,79.8,0.0,0.0,52.1
"Trademarks by origin/bn PPP$ GDP
",22.0,16.8,7.0,50.3,65.3,49.7,41.5,18.6,1.5,6.3,17.9,28.1,0.6,11.0,11.7,61.3,4.0,60.0,2.7,1.3,4.5,28.1,2.7,23.7,76.7,100.0,30.8,60.8,34.9,76.8,43.2,21.8,29.6,47.2,12.1,41.5,69.6,1.9,30.9,73.8,33.9,51.8,1.4,0.0,29.1,4.7,22.4,49.2,19.8,48.8,30.5,16.5,100.0,0.9,0.0,7.2,37.3,83.3,47.4,17.8,13.8,14.1,10.3,8.6,1.2,29.0,31.6,49.6,46.1,13.4,1.1,100.0,0.8,70.7,35.0,100.0,20.4,49.1,30.1,16.1,8.7,29.0,36.3,78.3,29.2,0.0,5.8,0.0,21.7,41.5,23.8,33.7,98.8,48.5,23.6,23.7,72.9,1.5,87.1,86.0,29.3,61.7,8.3,7.3,4.8,21.5,15.3,41.2,50.1,19.2,37.9,15.0,34.0,52.6,8.4,17.8,6.4,17.4,97.8,0.0,9.0,52.0,5.2,54.5,6.5,17.9,37.5,21.5,53.4,56.3,21.9,0.8
"Global brand value, top 5,000, % GDP",0.0,0.0,0.0,5.7,0.0,29.6,23.0,0.0,5.4,1.6,0.0,18.2,0.0,0.0,0.0,13.1,0.0,0.0,0.0,0.0,2.5,0.0,0.0,49.6,12.5,42.2,11.8,0.0,0.9,0.0,8.7,48.5,1.1,0.0,2.7,0.0,0.0,1.1,42.7,64.1,3.5,56.1,0.0,2.1,0.0,0.0,0.0,100.0,3.5,0.0,28.4,13.7,0.2,0.0,16.9,7.1,34.5,36.6,58.5,3.0,1.4,6.3,35.3,0.0,4.3,0.0,0.0,45.5,0.0,53.7,0.0,28.6,0.0,0.0,18.8,0.0,0.0,6.7,0.0,2.2,0.0,0.0,42.2,12.4,0.0,0.0,1.8,0.0,23.0,3.2,0.0,4.7,5.0,2.7,15.8,16.1,16.9,40.3,77.0,0.0,7.0,17.8,0.0,39.9,5.5,0.0,51.0,1.0,2.9,32.1,32.6,4.6,77.8,81.8,0.0,27.2,0.0,0.0,5.6,0.0,0.0,1.2,49.8,64.0,0.0,87.0,0.0,0.0,33.4,0.0,0.0,0.0
"Industrial designs by origin/bn PPP$ GDP
",5.6,14.7,0.0,8.0,4.6,12.1,33.7,1.3,1.1,8.1,4.9,14.8,0.7,18.1,2.2,8.2,0.2,33.2,1.6,1.4,4.1,1.6,1.7,2.4,1.0,100.0,3.0,0.5,18.5,38.1,20.4,39.1,0.1,1.7,8.5,1.0,27.8,0.0,26.5,70.6,15.9,72.9,31.4,22.6,0.2,8.8,0.4,14.9,13.9,2.4,6.0,4.2,80.5,1.1,10.6,11.9,86.5,46.7,25.5,4.2,1.1,5.4,0.0,3.3,0.0,27.6,14.2,37.4,29.0,3.9,1.5,61.1,0.0,19.6,2.6,94.1,0.5,62.7,6.0,0.0,8.6,0.9,25.1,9.9,0.0,0.2,5.8,7.0,8.2,0.9,2.1,0.0,1.9,1.4,4.4,31.4,42.7,0.0,100.0,48.3,9.3,7.1,1.3,2.0,3.4,7.4,4.3,16.1,16.1,7.4,51.8,5.2,22.6,28.0,0.0,20.2,2.0,2.6,100.0,10.3,2.6,35.8,0.5,55.9,0.0,6.3,4.1,3.4,13.0,5.9,11.8,0.0
Creative goods and services,36.2,1.3,30.4,17.0,19.7,24.5,30.3,5.9,7.5,2.1,9.7,27.5,0.1,13.7,2.1,6.8,0.9,22.0,2.2,2.8,1.2,7.5,4.9,31.1,9.6,28.8,10.2,13.7,36.4,19.6,40.6,32.2,27.6,7.6,9.1,4.0,40.0,16.2,27.0,27.7,14.1,28.4,31.9,21.0,3.0,3.2,0.3,47.4,30.8,38.1,17.2,11.3,4.0,2.3,23.0,34.7,25.3,2.0,36.7,14.4,3.9,25.8,4.8,6.2,14.7,52.7,26.9,39.8,1.8,29.4,5.5,45.1,1.3,24.2,25.2,12.9,34.6,6.1,0.1,7.9,1.6,7.7,35.7,28.9,9.6,0.8,1.0,23.1,27.9,6.0,3.2,36.2,0.6,12.6,20.3,25.7,23.6,10.1,34.0,12.1,16.9,10.8,0.8,12.1,11.8,18.2,40.4,31.5,27.5,5.5,26.1,31.1,42.2,37.1,12.0,26.3,15.8,1.7,13.2,4.0,0.9,8.9,30.3,42.3,30.4,44.8,17.6,5.3,24.0,0.0,0.2,13.2
"Cultural and creative services exports, % total trade",36.1,0.3,0.0,30.0,10.3,5.8,27.1,2.3,0.0,3.6,10.0,30.0,0.1,5.0,0.0,11.4,0.2,36.5,4.3,5.4,2.1,0.0,9.7,36.1,6.4,13.8,5.2,16.3,42.9,14.2,15.3,26.8,0.0,0.6,0.0,0.1,48.2,0.2,12.5,24.6,4.7,23.2,54.4,16.3,3.0,6.4,0.4,3.0,13.8,17.2,41.9,0.6,4.2,3.1,9.8,67.5,11.7,1.9,9.2,0.1,2.0,0.3,0.0,8.4,0.0,45.0,19.0,100.0,2.0,7.6,10.7,100.0,2.5,22.0,0.0,3.2,19.6,9.4,0.0,7.5,0.7,0.0,50.5,10.9,0.0,1.2,0.0,22.4,13.9,0.0,3.1,8.3,0.1,2.6,2.9,25.0,15.9,9.1,17.3,19.4,38.3,24.2,0.4,0.5,18.3,40.3,100.0,7.2,23.8,3.9,26.1,0.0,76.2,13.9,0.2,0.3,31.2,0.0,3.4,0.3,1.0,14.3,0.0,56.5,0.0,38.8,23.5,1.1,1.0,0.0,0.0,0.0
National feature films/mn pop. 15ñ69,8.3,0.9,0.0,32.5,0.0,4.4,30.6,1.8,0.0,0.0,0.0,22.6,0.0,18.7,0.0,4.5,0.0,8.9,0.0,0.0,0.0,0.0,0.0,19.6,13.5,3.8,5.6,5.8,10.6,15.5,42.8,23.2,0.0,0.0,1.5,0.0,51.2,0.0,39.7,25.3,16.3,19.0,0.0,22.2,0.0,0.0,0.0,38.1,12.8,100.0,11.3,2.4,7.3,0.0,34.6,23.8,34.6,1.6,38.5,4.3,0.8,0.0,0.0,0.0,0.0,50.0,36.2,41.1,0.0,9.4,0.0,14.5,0.0,0.0,10.9,0.0,0.0,3.4,0.0,0.0,0.0,11.7,12.8,43.9,0.0,0.0,0.0,17.6,25.8,0.0,0.0,0.0,0.0,0.1,3.9,6.5,23.8,0.0,38.0,0.0,6.8,4.9,0.0,0.0,0.0,2.2,7.4,26.4,38.0,1.9,36.3,0.0,35.3,14.8,0.0,4.2,0.0,0.0,10.9,0.4,0.0,1.6,3.3,18.2,0.0,16.0,19.3,0.0,1.6,0.0,0.0,0.4
Entertainment and media market/th pop. 15ñ69,0.0,0.8,0.0,4.5,0.0,54.3,58.6,0.0,4.7,0.0,0.0,48.2,0.0,0.0,0.0,6.0,0.0,0.0,0.0,0.0,0.0,0.0,0.0,57.1,11.9,10.5,6.0,0.0,0.0,0.0,24.2,72.9,0.0,0.0,1.7,0.0,0.0,0.0,56.5,48.5,0.0,51.7,0.0,22.5,0.0,0.0,0.0,48.3,13.8,0.0,1.0,3.3,3.0,0.0,49.2,36.0,28.7,0.0,73.9,1.0,0.0,2.2,6.8,0.0,0.0,0.0,0.0,0.0,0.0,11.1,0.0,9.3,0.0,0.0,7.3,0.0,0.0,0.7,0.0,0.0,0.0,0.0,48.5,49.4,0.0,0.0,1.9,0.0,68.7,3.4,0.3,0.0,0.0,7.1,4.5,11.3,32.4,11.7,50.7,0.0,6.8,6.5,0.0,16.5,0.0,0.0,40.1,0.0,0.0,6.6,28.4,0.0,57.5,99.5,0.0,9.7,0.0,0.0,4.3,0.7,0.0,0.0,23.3,62.3,0.0,100.0,0.0,0.0,3.0,0.0,0.0,0.0
"Printing and other media, % manufacturing",100.0,4.0,60.6,0.0,39.8,50.7,24.3,18.1,0.0,1.9,10.4,24.9,0.0,26.3,0.0,10.2,0.0,28.7,0.0,0.0,0.0,0.0,0.0,32.9,14.9,15.7,31.0,30.6,79.6,46.6,20.8,18.6,0.0,21.7,16.3,0.0,47.1,46.0,20.3,21.2,34.3,21.4,40.9,25.6,0.0,0.0,0.0,0.0,16.4,33.5,9.5,22.3,4.3,1.5,5.0,26.5,26.2,0.0,40.5,59.2,10.7,99.5,6.3,8.6,0.0,69.1,29.9,16.8,0.0,18.7,0.0,100.0,0.0,43.9,8.0,35.5,80.8,15.6,0.0,8.1,0.0,8.3,21.1,35.0,0.0,0.0,0.0,50.6,23.1,9.6,12.1,66.5,0.0,50.5,15.9,28.8,26.6,19.2,3.8,15.5,22.3,13.8,0.0,28.5,16.7,23.5,9.7,10.2,37.2,0.0,28.7,57.4,19.0,28.1,35.6,17.4,0.0,0.0,16.2,0.0,0.0,17.7,32.2,48.0,60.0,35.5,26.6,11.1,21.1,0.0,0.0,11.5
"Creative goods exports, % total trade",0.5,0.1,0.1,1.1,9.0,7.4,10.9,1.3,10.2,0.7,8.7,11.8,0.1,4.9,2.1,1.9,1.6,13.8,0.1,0.1,0.3,7.5,0.2,9.8,1.4,100.0,3.2,2.0,12.3,2.2,100.0,19.4,27.6,0.4,16.9,7.8,13.5,2.3,5.9,19.0,1.3,26.5,0.2,18.2,2.9,0.1,0.3,100.0,97.0,1.7,22.1,27.9,1.2,0.0,16.5,19.6,25.3,2.4,21.4,7.3,2.2,1.3,1.1,1.6,29.4,46.7,22.6,1.3,1.6,100.0,0.3,1.7,0.0,6.7,100.0,0.1,3.4,1.3,0.1,8.2,2.5,3.0,45.6,5.2,9.6,0.5,0.0,1.7,8.0,4.9,0.8,33.9,1.1,2.7,74.5,57.1,19.0,0.4,59.9,1.2,10.5,4.4,1.1,2.9,0.4,6.6,44.9,82.3,11.1,9.5,11.1,5.0,23.2,29.1,0.2,100.0,0.3,1.7,31.0,14.8,0.8,2.0,62.4,26.5,0.7,33.8,0.8,3.5,93.3,0.1,0.3,27.7
Online creativity,3.9,0.7,0.1,5.9,6.6,40.2,34.1,1.1,2.1,0.9,20.2,31.1,0.4,3.0,1.0,7.6,3.0,13.2,0.0,0.1,0.3,1.8,0.4,44.0,6.2,2.8,8.6,6.1,15.3,47.9,30.9,50.9,1.6,1.4,0.8,1.4,33.4,0.1,36.8,28.5,3.8,45.2,0.4,12.9,1.6,0.0,0.6,56.3,19.1,63.6,4.1,2.4,2.6,0.2,36.8,33.2,15.5,1.2,11.3,5.0,2.3,1.3,2.6,1.0,1.5,19.2,27.1,57.9,0.1,4.5,2.1,40.2,0.3,5.3,2.9,1.6,26.8,2.2,0.1,0.1,7.2,3.1,60.5,34.9,1.0,0.3,0.7,6.3,44.7,5.2,5.5,9.9,1.1,2.8,1.9,16.4,26.5,2.0,15.1,6.6,8.9,10.4,0.5,1.7,0.4,6.8,45.6,14.7,25.5,4.1,19.9,3.3,45.8,61.0,0.2,3.1,0.2,2.8,8.6,2.4,0.3,11.0,8.4,44.8,0.1,43.0,8.6,0.5,9.6,0.2,0.2,0.8
Generic top-level domains (TLDs)/th pop. 15ñ69,6.7,0.5,0.0,3.1,3.1,61.4,35.5,0.9,4.3,0.4,1.7,21.4,0.6,3.0,1.0,1.6,6.8,24.4,0.1,0.1,0.4,1.1,0.2,86.6,2.1,2.5,2.9,11.5,14.9,73.3,17.1,49.8,2.5,2.0,1.2,2.5,11.1,0.0,29.7,42.2,1.8,52.0,0.6,13.2,3.8,0.1,0.6,75.5,11.0,97.9,0.9,1.5,1.8,0.2,58.6,21.8,23.1,1.9,16.1,4.8,0.3,0.9,7.7,0.2,1.9,9.9,14.3,84.8,0.1,6.8,0.1,100.0,0.1,12.8,2.7,0.6,1.7,1.6,0.0,0.1,8.6,0.5,80.9,32.6,2.7,0.9,0.5,6.9,49.6,1.6,0.6,32.1,1.6,5.1,1.3,7.2,19.6,3.5,8.7,2.0,4.8,3.4,0.1,2.7,1.0,1.5,28.3,3.3,21.1,2.9,28.8,0.8,42.8,59.6,0.1,5.5,0.6,4.3,11.3,2.7,0.2,4.5,11.2,61.6,0.1,100.0,6.5,0.0,2.5,0.3,0.1,0.5
Country-code TLDs/th pop. 15ñ69,3.5,0.1,0.1,6.3,5.1,54.8,63.0,1.5,0.9,0.1,6.5,62.1,0.1,3.1,2.0,8.9,1.1,4.0,0.0,0.1,0.3,0.1,0.9,34.0,15.0,4.0,24.6,1.4,11.8,7.1,54.5,100.0,1.3,1.1,0.0,0.6,46.3,0.0,40.2,25.4,5.6,84.0,0.0,20.4,0.6,0.0,0.3,11.7,35.3,98.4,0.7,0.8,7.1,0.0,27.5,14.2,23.6,1.0,5.8,0.2,3.7,0.8,0.3,0.8,2.4,29.2,34.5,68.5,0.1,3.9,6.2,15.5,0.8,3.1,4.1,2.1,100.0,1.2,0.2,0.0,0.8,1.2,100.0,63.2,0.3,0.0,0.5,5.5,62.3,0.3,0.2,1.2,1.5,1.7,0.4,26.7,59.6,2.5,8.0,2.9,13.4,13.8,0.2,0.9,0.2,5.7,12.0,31.8,28.7,9.3,17.2,0.9,63.0,100.0,0.3,0.4,0.1,1.1,2.1,1.7,0.1,5.1,7.5,68.3,0.2,2.1,11.5,1.2,2.0,0.0,0.1,1.5
GitHub commits/mn pop. 15ñ69,4.9,2.2,0.2,7.4,8.0,32.2,29.6,1.9,3.1,1.4,19.9,39.0,0.4,5.9,0.9,8.3,3.8,16.4,0.0,0.1,0.3,1.2,0.6,44.0,5.4,1.7,4.9,9.3,26.4,11.2,38.5,37.2,2.5,2.5,1.3,2.4,40.2,0.2,48.2,28.3,5.4,36.8,1.0,14.1,2.2,0.0,1.2,100.0,25.3,54.5,3.8,3.0,1.0,0.7,44.0,48.9,11.8,2.0,13.8,4.4,2.3,2.8,1.2,3.0,0.3,21.7,23.9,62.8,0.3,4.6,0.0,31.8,0.1,5.0,2.5,3.3,5.4,1.6,0.1,0.2,0.0,2.3,49.5,36.9,0.9,0.0,1.2,6.2,54.1,0.8,0.9,1.9,1.3,3.7,2.1,20.3,19.2,1.7,25.5,5.5,9.9,10.9,1.2,1.3,0.5,7.6,100.0,14.9,28.6,2.8,21.5,10.5,51.2,69.5,0.3,2.3,0.2,2.9,3.6,4.7,0.7,14.3,5.1,34.4,0.2,53.8,9.9,0.9,4.5,0.1,0.3,0.4
Mobile app creation/bn PPP$ GDP,0.5,0.1,0.0,6.8,10.1,12.2,8.2,0.1,0.1,1.9,52.8,2.1,0.0,0.1,0.0,11.5,0.1,7.9,0.0,0.0,0.0,4.8,0.0,11.2,2.2,0.0,2.1,2.1,8.2,100.0,13.3,16.7,0.2,0.3,0.6,0.2,36.1,0.0,28.9,18.1,2.3,8.0,0.0,4.1,0.0,0.0,0.1,37.9,5.0,3.7,10.8,4.1,0.5,0.0,17.1,47.8,3.5,0.1,9.7,10.8,3.0,0.7,1.2,0.1,0.0,16.0,35.6,15.3,0.0,2.5,0.0,13.4,0.0,0.4,2.2,0.3,0.3,4.3,0.0,0.1,12.2,8.4,11.4,7.0,0.0,0.0,0.5,6.6,12.6,18.1,20.2,4.5,0.1,0.7,3.7,11.2,7.4,0.5,18.3,15.8,7.5,13.6,0.0,1.8,0.0,12.3,42.0,8.9,23.6,1.3,12.1,0.8,26.3,14.8,0.2,4.3,0.0,0.0,17.2,0.3,0.0,20.1,9.8,15.1,0.0,16.2,6.3,0.0,29.2,0.1,0.0,0.0
